{
  "04b88e7e0b25_index-19": {
    "1": 0.8742,
    "2": 0.813,
    "3": 0.7316,
    "4": 0.8074,
    "5": 0.98
  },
  "09390503aeff_index-17": {
    "1": 0.9574834818624867
  },
  "0e7af1ae8f21_20230331_resources_open_data_contract_sample_00": {
    "1": 0.9438117072952692,
    "2": 0.8468363549977415,
    "3": 0.8833748337551018,
    "4": 0.9066783988822998,
    "5": 0.8633574270220788,
    "6": 0.9093393702485528,
    "7": 0.8393881614643973,
    "8": 0.9825978454630535,
    "9": 0.9772176988322453,
    "10": 0.8893926668937683
  },
  "15076df085f5_tokumei_08_09": {
    "1": 0.7470034582719239
  },
  "15f9755cbccc_190094": {
    "1": 0.9347540542008054
  },
  "1636d28e2c46_tokumei_08_04": {
    "1": 0.7267602918678121,
    "2": 0.9237776054685153
  },
  "191cb5254cb2_tokumei_08_10": {
    "1": 0.8874212217031247
  },
  "1ec1091177b1_006": {
    "1": 0.6573572856499205
  },
  "29dc6e8943fe_order_01": {
    "1": 0.9762370690958108,
    "2": 0.7747536368182079,
    "3": 0.8777645123772341,
    "4": 0.8738470445918903,
    "5": 0.7317914140773271,
    "6": 0.9795889580652335
  },
  "2ea81a8441cc_0025006-192": {
    "1": 0.8153744369382684,
    "2": 0.7667138474173437
  },
  "31420af1a08f_tokumei_08_07": {
    "1": 0.8170362012258092,
    "2": 0.839621301281067
  },
  "338c92d6e393_190097": {
    "1": 0.9332374795614943
  },
  "34140b9c5662_index-14": {
    "1": 0.8917,
    "2": 0.8627,
    "3": 0.8655,
    "4": 0.8216,
    "5": 0.7991,
    "6": 0.9167
  },
  "3a4f9fbe1a83_001620506": {
    "1": 0.9776036567440382,
    "2": 0.8591724708611697,
    "3": 0.7875184828272906,
    "4": 0.7806522718770977,
    "5": 0.8967225984383752,
    "6": 0.947548496267418,
    "7": 0.94545602272069,
    "8": 0.9489334069857683
  },
  "459f05f1e877_kyodokenkyuyoushiki01": {
    "1": 0.90051082254297,
    "2": 0.8532424465068601,
    "3": 0.967149142633048
  },
  "4a36b62555f2_kyodokenkyuyoushiki10": {
    "1": 0.9242377665039475
  },
  "6295e189a801_order_09": {
    "1": 0.9142965992986224
  },
  "6514f214e482_tokumei_08_01-2": {
    "1": 0.7789367562094439,
    "2": 0.841199036125038,
    "3": 0.8462753732469794,
    "4": 0.8121927787671303,
    "5": 0.7908448583068411,
    "6": 0.9279610272333669,
    "7": 0.7955591252708611
  },
  "664c38001b40_order_12": {
    "1": 0.9214084233367094
  },
  "683ffcab86e2_20230331_resources_open_data_contract_addon_00": {
    "1": 0.7319652154301416,
    "2": 0.7600570327557641,
    "3": 0.9556595928018495
  },
  "6a39b1812290_001851238": {
    "1": 0.9931190934315198
  },
  "6d6dc4ade6c0_index-20": {
    "1": 0.9530556234062343
  },
  "7ead52b63f0e_000067058": {
    "1": 0.9137561282878884
  },
  "7f272a2dfd3b_index-21": {
    "1": 0.9202186658525963
  },
  "87b29ca447cc_tokumei_08_01-0": {
    "1": 0.976208211263741
  },
  "8bc929011c90_001851240": {
    "1": 0.9931222954161676
  },
  "8efcd416dfb8_190098": {
    "1": 0.9369836904761172
  },
  "9a8e8ddab85b_order_06-1": {
    "1": 0.9200727813675358
  },
  "_pixel_tmp": {
    "1": 0.9997012654337257
  },
  "a1d6e4efa2e7_tokumei_08_01-4": {
    "1": 0.7806573907508935,
    "2": 0.8820541578350575,
    "3": 0.8707975721760016,
    "4": 0.7421726813867386,
    "5": 0.7943984330370594,
    "6": 0.974532092969266,
    "7": 0.7955591252708611
  },
  "a47e6c6b2ca1_order_08": {
    "1": 0.7891133855359435
  },
  "a5ccbe425525_kyodokenkyuyoushiki05": {
    "1": 0.9731903299405905
  },
  "b35123fe8efc_tokumei_08_01": {
    "1": 0.6804637545797635,
    "2": 0.7536053640205584
  },
  "b5f706e9f6ad_kyodokenkyuyoushiki_bessi": {
    "1": 0.8153297548836833,
    "2": 0.8185008931173409
  },
  "b837808d0555_20240705_resources_data_guideline_02": {
    "1": 0.8127036083572371,
    "2": 0.8624270271135203,
    "3": 0.7682545932684794,
    "4": 0.7468418682401384,
    "5": 0.7732089418217489,
    "6": 0.901972945115081,
    "7": 0.8249773500551089
  },
  "bd90b00ab7a7_order_05": {
    "1": 0.8380389410046676,
    "2": 0.9267186522748517
  },
  "c7b923e5c616_20240705_resources_data_outline_06": {
    "1": 0.7865985967119845,
    "2": 0.8106802765472972,
    "3": 0.8655369604889799
  },
  "cb8be715d839_kyodokenkyuyoushiki03": {
    "1": 0.8913304958122105,
    "2": 0.9934683383511889
  },
  "d11_v0_baseline": {
    "1": 0.9976068504636625
  },
  "d11_v1_cs_neg9": {
    "1": 0.9976451392878095
  },
  "d11_v2_cs_neg20": {
    "1": 0.9977436113527759
  },
  "d11_v3_grid_only": {
    "1": 0.9942485368544309
  },
  "d11_v4_grid_cs_neg9": {
    "1": 0.9943313500804384
  },
  "d11_v5_grid_cs_neg1": {
    "1": 0.9942492705225251
  },
  "d1e8ac8fd1cc_kyodokenkyuyoushiki06": {
    "1": 0.7864161886659998,
    "2": 0.9748570840851368
  },
  "d4d126dfe1d9_tokumei_08_01-3": {
    "1": 0.82155094167016,
    "2": 0.8739579570458682,
    "3": 0.8720091254147059,
    "4": 0.697346865687568,
    "5": 0.7694285256810983,
    "6": 0.94169670898313,
    "7": 0.7953647540795591
  },
  "d57289db0a6a_kyodokenkyuyoushiki11": {
    "1": 0.9153351369983151
  },
  "d6fd9a516382_190095": {
    "1": 0.9356742137255086,
    "2": 0.9709728762518163
  },
  "d77a58485f16_20240705_resources_data_outline_08": {
    "1": 0.7943091492652616,
    "2": 0.8505140026199903,
    "3": 0.8802149666437228,
    "4": 0.816376986869361,
    "5": 0.809821122308413,
    "6": 0.8806775426373988,
    "7": 0.7567834184962264,
    "8": 0.8733775233523179,
    "9": 0.7206022212588166,
    "10": 0.7690122730571257,
    "11": 0.8174421024422452,
    "12": 0.9727063339260308
  },
  "d7_v0_hang_only": {
    "1": 0.9883748215070046
  },
  "d7_v1_hang_offset": {
    "1": 0.988391034039824
  },
  "d7_v2_no_hang_left30": {
    "1": 0.9884616362823614
  },
  "d7_v3_huge_hang_like_1636": {
    "1": 0.9883955000193999
  },
  "d7_v4_bullet": {
    "1": 0.9880137124433542
  },
  "d7_v5_no_indent_bullet": {
    "1": 0.9880137124433542
  },
  "d94cb2a61ef4_190096": {
    "1": 0.9460843182158346
  },
  "db9ca18368cd_20241122_resource_open_data_01": {
    "1": 0.8010788612782441,
    "2": 0.7474241563194276,
    "3": 0.7905065876773197
  },
  "de6e32b5960b_tokumei_08_01-1": {
    "1": 0.7481502279425061,
    "2": 0.8579573436846614,
    "3": 0.8458277838917847,
    "4": 0.8214092494945512,
    "5": 0.9138315805714933,
    "6": 0.8278166810605666,
    "7": 0.7955591252708611
  },
  "e201249db062_tokumei_08_05": {
    "1": 0.9537625822952164
  },
  "e3c545fac7a7_LOD_Handbook": {
    "1": 0.9453,
    "2": 0.9183,
    "3": 0.8562,
    "4": 0.7604,
    "5": 0.8339,
    "6": 0.7942,
    "7": 0.8422,
    "8": 0.8016,
    "9": 0.885,
    "10": 0.8294,
    "11": 0.7902,
    "12": 0.9865
  },
  "e8caed453f48_kyodokenkyuyoushiki07": {
    "1": 0.8818993059409722
  },
  "ed025cbecffb_index-23": {
    "1": 0.8955062899438452,
    "2": 0.7489551516265042,
    "3": 0.8380137722407509,
    "4": 0.847595044875161,
    "5": 0.8374025784129936,
    "6": 0.7698705736612595,
    "7": 0.8228721548459013,
    "8": 0.8561522157539369,
    "9": 0.8842849981949555,
    "10": 0.8798639682961461,
    "11": 0.8927069669148217,
    "12": 0.9195673908973127,
    "13": 0.8973334100062947,
    "14": 0.8839608641143782,
    "15": 0.8321746923043825,
    "16": 0.9696828938610933
  },
  "f16f228aecde_kyodokenkyuyoushiki08": {
    "1": 0.8964801403206266
  },
  "fded6867fcbc_index-15": {
    "1": 0.8951549668251985
  },
  "gen2_000_取締役会議事録": {
    "1": 0.9610881926180627,
    "2": 0.9661073656588156
  },
  "gen2_001_株主総会招集通知": {
    "1": 0.9606108527802996,
    "2": 0.9536165967694156
  },
  "gen2_002_事業計画書": {
    "1": 0.8818062892227913
  },
  "gen2_003_予算申請書": {
    "1": 0.9216688129993212,
    "2": 0.9377830309311976
  },
  "gen2_004_人事評価シート": {
    "1": 0.9392830369018782,
    "2": 0.9653147249068855
  },
  "gen2_005_研修報告書": {
    "1": 0.9333810278475797,
    "2": 0.9420926882471372
  },
  "gen2_006_出張報告書": {
    "1": 0.9132630616458459
  },
  "gen2_007_業務改善提案書": {
    "1": 0.8496912814174297,
    "2": 0.715005176208971,
    "3": 0.966910406855299
  },