{
  "0e7af1ae8f21_20230331_resources_open_data_contract_sample_00": {
    "7": 0.46520372584568337,
    "6": 0.5741550028694777,
    "2": 0.5745400922884439,
    "5": 0.5996559536448876,
    "3": 0.6476062033301522,
    "4": 0.6536667518343774,
    "10": 0.7919334691127524,
    "1": 0.929749372407691,
    "9": 0.9600071217257681,
    "8": 0.9638418034335596
  },
  "b837808d0555_20240705_resources_data_guideline_02": {
    "4": 0.564675099688828,
    "5": 0.6155503787722568,
    "3": 0.6174671646674024,
    "6": 0.619160758610973,
    "2": 0.6263214317203113,
    "1": 0.6736095007806121,
    "7": 0.7898080634069702
  },
  "683ffcab86e2_20230331_resources_open_data_contract_addon_00": {
    "2": 0.5843623598870371,
    "1": 0.6441059567500701,
    "3": 0.9351136933415652
  },
  "1ec1091177b1_006": {
    "1": 0.5879198504858149
  },
  "d77a58485f16_20240705_resources_data_outline_08": {
    "2": 0.6012941022999524,
    "6": 0.6063019931086159,
    "5": 0.619747760258529,
    "4": 0.6333502182830898,
    "3": 0.6337403426003165,
    "8": 0.642288361569214,
    "9": 0.655830907754642,
    "7": 0.6670845060465691,
    "10": 0.6695429579450355,
    "1": 0.7014655230288093,
    "11": 0.7766000150430564,
    "12": 0.7871627771024935
  },
  "b35123fe8efc_tokumei_08_01": {
    "1": 0.6082555382968343,
    "2": 0.6820558966905196
  },
  "2ea81a8441cc_0025006-192": {
    "2": 0.6436105537624504,
    "1": 0.7801159807762749
  },
  "e3c545fac7a7_LOD_Handbook": {
    "11": 0.6579209393130151,
    "4": 0.6672881474948295,
    "7": 0.6894230814579932,
    "9": 0.6934807023507035,
    "6": 0.6967891086099813,
    "3": 0.7187427468921169,
    "8": 0.7203817343227371,
    "2": 0.7267686171316546,
    "5": 0.7581926829688025,
    "10": 0.7614223036635166,
    "1": 0.8297261321899215,
    "12": 0.9649782930964728
  },
  "d4d126dfe1d9_tokumei_08_01-3": {
    "5": 0.6607496065083743,
    "4": 0.7065409812656888,
    "7": 0.754446142991565,
    "1": 0.779187751977409,
    "6": 0.7954538688167512,
    "3": 0.842082243339224,
    "2": 0.8512147204765205
  },
  "29dc6e8943fe_order_01": {
    "5": 0.6638606374468655,
    "2": 0.7360317578267915,
    "3": 0.8103491153113378,
    "4": 0.8503892518338323,
    "6": 0.933251788103883,
    "1": 0.9475912092558741
  },
  "34140b9c5662_index-14": {
    "5": 0.6830700062935146,
    "4": 0.689238234796734,
    "3": 0.7198255854466916,
    "2": 0.7353564541139863,
    "6": 0.8085458074272033,
    "1": 0.8618639803130653
  },
  "459f05f1e877_kyodokenkyuyoushiki01": {
    "2": 0.6849378722640953,
    "1": 0.7804571820399183,
    "3": 0.8536028742503761
  },
  "6514f214e482_tokumei_08_01-2": {
    "5": 0.685193469535358,
    "1": 0.7214714849262597,
    "7": 0.7599560466313303,
    "4": 0.7653490561566739,
    "6": 0.7820654705925794,
    "2": 0.8313316652899566,
    "3": 0.8357854449753311
  },
  "ed025cbecffb_index-23": {
    "6": 0.698659584622273,
    "3": 0.7153942080096517,
    "8": 0.7182613136650228,
    "2": 0.7468926480735677,
    "5": 0.7549731314100964,
    "13": 0.7636992636440137,
    "11": 0.7690136260975226,
    "4": 0.7968094790168464,
    "9": 0.7970979048336918,
    "12": 0.7994848523205441,
    "15": 0.8004988330026303,
    "7": 0.81255875003924,
    "1": 0.8174153595422581,
    "16": 0.8560599164253931,
    "14": 0.8741737447604551,
    "10": 0.8834885018302975
  },
  "a1d6e4efa2e7_tokumei_08_01-4": {
    "5": 0.6990509959049288,
    "1": 0.7189640504630047,
    "7": 0.7240380617792024,
    "4": 0.7602853739500052,
    "3": 0.8328738225272282,
    "2": 0.8627870285047469,
    "6": 0.9067667439518744
  },
  "db9ca18368cd_20241122_resource_open_data_01": {
    "2": 0.7089433147362297,
    "3": 0.7354769846623785,
    "1": 0.8075218966039902
  },
  "bd90b00ab7a7_order_05": {
    "1": 0.7136656911020918,
    "2": 0.834713901066098
  },
  "04b88e7e0b25_index-19": {
    "3": 0.7166252845972165,
    "2": 0.7383396982950391,
    "4": 0.7739679822120874,
    "1": 0.8677883944382568,
    "5": 0.9788695247954773
  },
  "15076df085f5_tokumei_08_09": {
    "1": 0.7166283913637228
  },
  "de6e32b5960b_tokumei_08_01-1": {
    "7": 0.7171339593954293,
    "1": 0.7290113664321055,
    "5": 0.757920045053534,
    "4": 0.7587313884914476,
    "6": 0.8292065638099558,
    "3": 0.8308165479608673,
    "2": 0.8485844740915497
  },
  "3a4f9fbe1a83_001620506": {
    "3": 0.7198704795087748,
    "4": 0.7694505836041966,
    "2": 0.830035777055041,
    "8": 0.8844641664994434,
    "5": 0.8844774807775058,
    "6": 0.8959256031405562,
    "7": 0.8960471728856773,
    "1": 0.9701584437319252
  },
  "31420af1a08f_tokumei_08_07": {
    "2": 0.720422756998743,
    "1": 0.8092965130287254
  },
  "1636d28e2c46_tokumei_08_04": {
    "1": 0.7246603804315378,
    "2": 0.8812433536418917
  },
  "gen2_007_\u696d\u52d9\u6539\u5584\u63d0\u6848\u66f8": {
    "2": 0.7258025319348668,
    "1": 0.8442501341838297,
    "3": 0.9671528930070871
  },
  "d1e8ac8fd1cc_kyodokenkyuyoushiki06": {
    "1": 0.7271443153608819,
    "2": 0.9503233963506469
  },
  "c7b923e5c616_20240705_resources_data_outline_06": {
    "2": 0.7432275161397307,
    "1": 0.7532418314260969,
    "3": 0.755841942091905
  },
  "a47e6c6b2ca1_order_08": {
    "1": 0.7435902028404192
  },
  "b5f706e9f6ad_kyodokenkyuyoushiki_bessi": {
    "2": 0.761996308815213,
    "1": 0.763156018706284
  },
  "gen2_024_\u30c6\u30ec\u30ef\u30fc\u30af\u898f\u7a0b": {
    "2": 0.823038966436325,
    "1": 0.9055337782031359,
    "3": 0.9764267058832573
  },
  "fded6867fcbc_index-15": {
    "1": 0.823155602429277
  },
  "gen2_037_\u7ba1\u7406\u8077\u30cf\u30f3\u30c9\u30d6\u30c3\u30af": {
    "1": 0.8275863498110131,
    "2": 0.9437797884837661
  },
  "gen2_018_\u9867\u5ba2\u6e80\u8db3\u5ea6\u8abf\u67fb\u5831\u544a": {
    "2": 0.8284328931869078,
    "1": 0.8916153016682339
  },
  "gen2_050_Disaster_Plan": {
    "2": 0.8340546383604609,
    "1": 0.9023161301743391
  },
  "gen2_060_Employee_Agreement": {
    "1": 0.8362010585229518,
    "2": 0.9618322271770984
  },
  "gen2_032_\u7d4c\u8cbb\u7cbe\u7b97\u30de\u30cb\u30e5\u30a2\u30eb": {
    "2": 0.8373614431510158,
    "1": 0.8599243248218401
  },
  "test_line_heights": {
    "4": 0.8391563935572882,
    "5": 0.8746743103784698,
    "3": 0.8897346111250068,
    "2": 0.9311828431423849,
    "1": 0.9374625194606695,
    "6": 0.9824905684220279
  },
  "gen2_067_SLA_Template": {
    "1": 0.8452982538198612,
    "2": 0.9760679617934159
  },
  "gen2_036_\u65b0\u5165\u793e\u54e1\u30ac\u30a4\u30c9": {
    "1": 0.8462315800143131,
    "2": 0.9426592642012235
  },
  "gen2_019_\u793e\u5185\u898f\u7a0b\u96c6": {
    "1": 0.847997001143482,
    "2": 0.8937253700832507
  },
  "gen_long": {
    "1": 0.8494339194457105,
    "2": 0.9141397285358032
  },
  "gen2_013_\u30b3\u30f3\u30d7\u30e9\u30a4\u30a2\u30f3\u30b9\u7814\u4fee\u8cc7\u6599": {
    "1": 0.8520722365946846,
    "2": 0.9131219370602315
  },
  "gen2_055_Risk_Management_Report": {
    "1": 0.8553311533801837,
    "2": 0.9886410807696716
  },
  "cb8be715d839_kyodokenkyuyoushiki03": {
    "1": 0.8560041310232341,
    "2": 0.987349614643034
  },
  "gen2_026_\u526f\u696d_\u517c\u696d\u898f\u7a0b": {
    "1": 0.8561850246485188,
    "2": 0.9282863137986058
  },
  "gen2_012_\u500b\u4eba\u60c5\u5831\u4fdd\u8b77\u65b9\u91dd": {
    "1": 0.8589505181572791,
    "2": 0.960542716275932
  },
  "gen2_027_\u61f2\u6212\u898f\u7a0b": {
    "1": 0.8603498658845941
  },
  "gen2_031_\u6587\u66f8\u7ba1\u7406\u898f\u7a0b": {
    "1": 0.8610135484237325
  },
  "gen2_041_Annual_Report": {
    "1": 0.8610277516469456,
    "2": 0.8939337381731285
  },
  "gen2_020_\u5c31\u696d\u898f\u5247": {
    "1": 0.8613830627463774,
    "2": 0.9077121041138656
  },
  "gen2_025_\u30cf\u30e9\u30b9\u30e1\u30f3\u30c8\u9632\u6b62\u898f\u7a0b": {
    "1": 0.8634537083464551,
    "2": 0.9776060310057934
  },
  "gen2_014_\u5185\u90e8\u76e3\u67fb\u5831\u544a\u66f8": {
    "1": 0.864268765883368,
    "2": 0.9313574871413364
  },