{
  "0e7af1ae8f21_20230331_resources_open_data_contract_sample_00": {
    "2": 0.5767906840463884,
    "7": 0.6033180023596887,
    "6": 0.6190924710843551,
    "5": 0.634017671211215,
    "3": 0.6791824218587909,
    "4": 0.6846783002694363,
    "10": 0.8703484839140897,
    "1": 0.934488807449394,
    "9": 0.967793894137556,
    "8": 0.9789526489889077
  },
  "d77a58485f16_20240705_resources_data_outline_08": {
    "9": 0.6143600940417303,
    "6": 0.6263837542601217,
    "5": 0.6499028136832223,
    "4": 0.6703282517770347,
    "3": 0.6833031267716615,
    "7": 0.6884248999710435,
    "10": 0.6955998114741645,
    "12": 0.7697606284412016,
    "2": 0.7778581247856305,
    "11": 0.7891050504630756,
    "1": 0.812099611811254,
    "8": 0.8123151610690155
  },
  "683ffcab86e2_20230331_resources_open_data_contract_addon_00": {
    "2": 0.6329311538686903,
    "1": 0.6456999340261996,
    "3": 0.9363165004048346
  },
  "b837808d0555_20240705_resources_data_guideline_02": {
    "5": 0.6430806906139827,
    "6": 0.643898566622428,
    "4": 0.6477997695668557,
    "3": 0.6566976568190541,
    "2": 0.6766028494995363,
    "1": 0.7568281147490291,
    "7": 0.8425175330349783
  },
  "1ec1091177b1_006": {
    "1": 0.6609507437816485
  },
  "e3c545fac7a7_LOD_Handbook": {
    "11": 0.6613651126958299,
    "4": 0.6817882055417154,
    "7": 0.6862385784815329,
    "9": 0.6875908416663933,
    "6": 0.6963939262140366,
    "8": 0.7014255541608817,
    "3": 0.7174562705293974,
    "2": 0.7245471967093841,
    "5": 0.7652755810052393,
    "10": 0.7663806144432567,
    "1": 0.8315947948885395,
    "12": 0.944071419609868
  },
  "29dc6e8943fe_order_01": {
    "5": 0.6630503802222901,
    "2": 0.727583909396096,
    "3": 0.806778575286429,
    "4": 0.8401389637826012,
    "6": 0.9322682446268367,
    "1": 0.968694326022634
  },
  "2ea81a8441cc_0025006-192": {
    "2": 0.6640946779945636,
    "1": 0.778859738674952
  },
  "b35123fe8efc_tokumei_08_01": {
    "1": 0.6662069134132731,
    "2": 0.747920495210041
  },
  "04b88e7e0b25_index-19": {
    "3": 0.6673066161155958,
    "4": 0.7000922532801593,
    "2": 0.7716706060485078,
    "1": 0.8593297848578064,
    "5": 0.9118244591003334
  },
  "d4d126dfe1d9_tokumei_08_01-3": {
    "5": 0.6682715884635959,
    "4": 0.7010525074888433,
    "1": 0.7694283194952574,
    "6": 0.7760864174628356,
    "7": 0.7761392719830636,
    "3": 0.8356732816407709,
    "2": 0.8515410848120268
  },
  "34140b9c5662_index-14": {
    "5": 0.6702011863439927,
    "4": 0.702187154212627,
    "3": 0.7105174508867411,
    "2": 0.7393205066046344,
    "6": 0.7642869933886608,
    "1": 0.9038361920562555
  },
  "459f05f1e877_kyodokenkyuyoushiki01": {
    "2": 0.6804725493074946,
    "1": 0.7785366782424245,
    "3": 0.85563892039977
  },
  "ed025cbecffb_index-23": {
    "7": 0.6807611865188693,
    "5": 0.7019110586547255,
    "4": 0.7054679882720233,
    "6": 0.7294131707747332,
    "2": 0.7324050754490954,
    "9": 0.7479956270348457,
    "14": 0.778405144356909,
    "10": 0.7977738151830845,
    "15": 0.8054746322459362,
    "12": 0.8063555044304546,
    "13": 0.8064704589770718,
    "3": 0.8080738844076288,
    "8": 0.8383709483437124,
    "1": 0.8415145574193216,
    "11": 0.8692133703081724,
    "16": 0.9481482471803608
  },
  "6514f214e482_tokumei_08_01-2": {
    "5": 0.6891233149295332,
    "7": 0.6897109344372487,
    "1": 0.707832047724204,
    "4": 0.7640942972447479,
    "3": 0.8320219713070357,
    "2": 0.8322745850609331,
    "6": 0.8750501911368236
  },
  "db9ca18368cd_20241122_resource_open_data_01": {
    "2": 0.6904958466977084,
    "3": 0.7223412655759143,
    "1": 0.7856684610503096
  },
  "3a4f9fbe1a83_001620506": {
    "3": 0.6922505553869196,
    "4": 0.8190574778100487,
    "2": 0.8691728770261103,
    "8": 0.9039973737910048,
    "5": 0.9056143203434809,
    "7": 0.9151039232552737,
    "6": 0.9273847260281384,
    "1": 0.9868726380396705
  },
  "1636d28e2c46_tokumei_08_04": {
    "1": 0.6930757476265067,
    "2": 0.8472369313532275
  },
  "a1d6e4efa2e7_tokumei_08_01-4": {
    "5": 0.6983760819099062,
    "1": 0.7060872935596786,
    "7": 0.7188415435420689,
    "4": 0.7541962684889517,
    "3": 0.8301608093106397,
    "2": 0.863070714469638,
    "6": 0.8955699404243586
  },
  "de6e32b5960b_tokumei_08_01-1": {
    "7": 0.7152272541142725,
    "1": 0.7208434471355716,
    "4": 0.7546265553585273,
    "5": 0.7556635466208412,
    "6": 0.8257400672221099,
    "3": 0.8260932184690345,
    "2": 0.8340232716551692
  },
  "31420af1a08f_tokumei_08_07": {
    "2": 0.7173797196488477,
    "1": 0.8061125606893998
  },
  "bd90b00ab7a7_order_05": {
    "1": 0.7196379012328048,
    "2": 0.8283908283358016
  },
  "gen2_007_\u696d\u52d9\u6539\u5584\u63d0\u6848\u66f8": {
    "2": 0.7205299070845591,
    "1": 0.8119677986748264,
    "3": 0.9669434824300714
  },
  "d1e8ac8fd1cc_kyodokenkyuyoushiki06": {
    "1": 0.7268233335133524,
    "2": 0.9553743092452466
  },
  "15076df085f5_tokumei_08_09": {
    "1": 0.7419374193374585
  },
  "a47e6c6b2ca1_order_08": {
    "1": 0.7499873047402854
  },
  "gen2_024_\u30c6\u30ec\u30ef\u30fc\u30af\u898f\u7a0b": {
    "2": 0.775561961339125,
    "1": 0.8743687634464018,
    "3": 0.9670933941246013
  },
  "c7b923e5c616_20240705_resources_data_outline_06": {
    "1": 0.7819432548344453,
    "2": 0.8044219933662959,
    "3": 0.8340522672741258
  },
  "gen2_018_\u9867\u5ba2\u6e80\u8db3\u5ea6\u8abf\u67fb\u5831\u544a": {
    "2": 0.7922660137672297,
    "1": 0.8673366518129028
  },
  "gen2_037_\u7ba1\u7406\u8077\u30cf\u30f3\u30c9\u30d6\u30c3\u30af": {
    "1": 0.7971056335291804,
    "2": 0.9393712278779646
  },
  "gen2_036_\u65b0\u5165\u793e\u54e1\u30ac\u30a4\u30c9": {
    "1": 0.7983059610360902,
    "2": 0.9317772612816673
  },
  "gen2_054_Audit_Report": {
    "1": 0.8078772140777165,
    "2": 0.8424881224067482
  },
  "gen2_060_Employee_Agreement": {
    "1": 0.8130208434219889,
    "2": 0.9832271107821503
  },
  "gen2_012_\u500b\u4eba\u60c5\u5831\u4fdd\u8b77\u65b9\u91dd": {
    "1": 0.8152173860422712,
    "2": 0.9594515750244069
  },
  "gen2_019_\u793e\u5185\u898f\u7a0b\u96c6": {
    "1": 0.8198036317213848,
    "2": 0.8912473362438074
  },
  "gen2_067_SLA_Template": {
    "1": 0.8235086694821145,
    "2": 0.9827824036604477
  },
  "gen2_055_Risk_Management_Report": {
    "1": 0.8274043300092327,
    "2": 0.9918228207542604
  },
  "b5f706e9f6ad_kyodokenkyuyoushiki_bessi": {
    "1": 0.8276290019273663,
    "2": 0.8628613736694138
  },
  "gen2_026_\u526f\u696d_\u517c\u696d\u898f\u7a0b": {
    "1": 0.8279759537187582,
    "2": 0.9277765060182634
  },
  "gen2_041_Annual_Report": {
    "1": 0.8288845092947673,
    "2": 0.8668790421937946
  },
  "fded6867fcbc_index-15": {
    "1": 0.8330049800657058
  },
  "gen2_058_Customer_Survey_Results": {
    "1": 0.8349590674279087,
    "2": 0.9385686581079868
  },
  "gen2_014_\u5185\u90e8\u76e3\u67fb\u5831\u544a\u66f8": {
    "1": 0.8353087754402663,
    "2": 0.8875201105423184
  },
  "gen2_023_\u80b2\u5150\u4f11\u696d\u898f\u7a0b": {
    "1": 0.8369116907651852,
    "2": 0.9533724888956302
  },
  "test_line_heights": {
    "4": 0.8377892001964214,
    "5": 0.8739676152168913,
    "3": 0.8889664159655841,
    "1": 0.9375395191319159,
    "2": 0.9391276836998647,
    "6": 0.9828324951190807
  },
  "gen2_032_\u7d4c\u8cbb\u7cbe\u7b97\u30de\u30cb\u30e5\u30a2\u30eb": {
    "2": 0.838477507044708,
    "1": 0.8517421324846559
  },
  "gen2_068_SOW_Template": {
    "1": 0.8384826796930659,
    "2": 0.9815414371313721
  },
  "gen2_031_\u6587\u66f8\u7ba1\u7406\u898f\u7a0b": {
    "1": 0.8404362281612592
  },
  "gen2_027_\u61f2\u6212\u898f\u7a0b": {
    "1": 0.8413377204394209
  },
  "gen2_017_\u30de\u30fc\u30b1\u30c6\u30a3\u30f3\u30b0\u6226\u7565\u66f8": {
    "1": 0.8434470693205977
  },
  "gen2_021_\u7d66\u4e0e\u898f\u7a0b": {
    "2": 0.8444001041349612,
    "1": 0.874616665660103
  },