{
"04b88e7e0b25_index-19": {
"1": 0.8978145979849376,
"2": 0.8687559621056004,
"3": 0.8649816947131099,
"4": 0.9239890584824102,
"5": 0.9913029399461467
},
"09390503aeff_index-17": {
"1": 0.983254031059925
},
"0e7af1ae8f21_20230331_resources_open_data_contract_sample_00": {
"1": 0.9579154087070129,
"2": 0.8641856579929194,
"3": 0.889684170658262,
"4": 0.8896784025873821,
"5": 0.8971176594759266,
"6": 0.8813897558065156,
"7": 0.8784554117207041,
"8": 0.9918253708395811,
"9": 0.9854779545846731,
"10": 0.9558046866429383
},
"15076df085f5_tokumei_08_09": {
"1": 0.75473026276697
},
"15f9755cbccc_190094": {
"1": 0.9544338442832857
},
"1636d28e2c46_tokumei_08_04": {
"1": 0.7432593299228897,
"2": 0.9298328213351312
},
"191cb5254cb2_tokumei_08_10": {
"1": 0.904066
},
"1ec1091177b1_006": {
"1": 0.75879
},
"29dc6e8943fe_order_01": {
"1": 0.9760317665093631,
"2": 0.7830632046292295,
"3": 0.8820498025170475,
"4": 0.8810774579873394,
"5": 0.7392680986608773,
"6": 0.979729786670475
},
"2ea81a8441cc_0025006-192": {
"2": 0.772798,
"1": 0.841767
},
"31420af1a08f_tokumei_08_07": {
"1": 0.8254223983458947,
"2": 0.8443788439051804
},
"338c92d6e393_190097": {
"1": 0.9525774555130816
},
"34140b9c5662_index-14": {
"1": 0.94460513022718,
"2": 0.9212096282713617,
"3": 0.8765007479186514,
"4": 0.9257659353937516,
"5": 0.8427615338937238,
"6": 0.9673791458177838
},
"3a4f9fbe1a83_001620506": {
"1": 0.9752841061054353,
"2": 0.8897529306807738,
"3": 0.8242484453691027,
"4": 0.8529947405458905,
"5": 0.9302276547159284,
"6": 0.9651214902184725,
"7": 0.9530695536868282,
"8": 0.9600055272310728
},
"459f05f1e877_kyodokenkyuyoushiki01": {
"1": 0.9111563089751255,
"2": 0.8537049910545685,
"3": 0.9589079703304061
},
"4a36b62555f2_kyodokenkyuyoushiki10": {
"1": 0.9258229602229878
},
"6295e189a801_order_09": {
"1": 0.9156428162661534
},
"6514f214e482_tokumei_08_01-2": {
"1": 0.7930244779991509,
"2": 0.847228830279322,
"3": 0.8561704275435239,
"4": 0.8174717276529179,
"5": 0.800775887430614,
"6": 0.9304936476555034,
"7": 0.7926918889261505
},
"664c38001b40_order_12": {
"1": 0.9266659845503961
},
"683ffcab86e2_20230331_resources_open_data_contract_addon_00": {
"1": 0.7576260148148367,
"2": 0.7701562315394171,
"3": 0.962963660934966
},
"6a39b1812290_001851238": {
"1": 0.9868814617220062
},
"6d6dc4ade6c0_index-20": {
"1": 0.9792484332781058
},
"7ead52b63f0e_000067058": {
"1": 0.9174993109641439
},
"7f272a2dfd3b_index-21": {
"1": 0.9189140534566063
},
"87b29ca447cc_tokumei_08_01-0": {
"1": 0.9783236285034186
},
"8bc929011c90_001851240": {
"1": 0.9937529709597995
},
"8efcd416dfb8_190098": {
"1": 0.9560384964994081
},
"9a8e8ddab85b_order_06-1": {
"1": 0.9209751123052708
},
"_pixel_tmp": {
"1": 0.9997687090592017
},
"a1d6e4efa2e7_tokumei_08_01-4": {
"1": 0.7937985953137283,
"2": 0.888621590003975,
"3": 0.8785905130494799,
"4": 0.7480758651755138,
"5": 0.8056290228152171,
"6": 0.9748680667634875,
"7": 0.7926918889261505
},
"a47e6c6b2ca1_order_08": {
"1": 0.7964339687256153
},
"a5ccbe425525_kyodokenkyuyoushiki05": {
"1": 0.984514208327386
},
"b35123fe8efc_tokumei_08_01": {
"1": 0.744178,
"2": 0.795253
},
"b5f706e9f6ad_kyodokenkyuyoushiki_bessi": {
"1": 0.8750612634733166,
"2": 0.8779383047588771
},
"b837808d0555_20240705_resources_data_guideline_02": {
"1": 0.8215297409753314,
"2": 0.8916327288143142,
"3": 0.7788381553298644,
"4": 0.7514734121112818,
"5": 0.7948182083559172,
"6": 0.8815811474431764,
"7": 0.8262609970328004
},
"bd90b00ab7a7_order_05": {
"1": 0.8276467584036098,
"2": 0.9445937943453027
},
"c7b923e5c616_20240705_resources_data_outline_06": {
"1": 0.7990071883718907,
"2": 0.8108567999353814,
"3": 0.7942009130665978
},
"cb8be715d839_kyodokenkyuyoushiki03": {
"1": 0.9561792779267115,
"2": 0.990856219745479
},
"d11_v0_baseline": {
"1": 0.9985570602683113
},
"d11_v1_cs_neg9": {
"1": 0.9985944996655691
},
"d11_v2_cs_neg20": {
"1": 0.9987011052270235
},
"d11_v3_grid_only": {
"1": 0.994147350127339
},
"d11_v4_grid_cs_neg9": {
"1": 0.9942306858196422
},
"d11_v5_grid_cs_neg1": {
"1": 0.9941558608572013
},
"d1e8ac8fd1cc_kyodokenkyuyoushiki06": {
"1": 0.7871549502399521,
"2": 0.975255670026943
},
"d4d126dfe1d9_tokumei_08_01-3": {
"1": 0.8311014661994158,
"2": 0.8824812396063676,
"3": 0.8800258554161999,
"4": 0.7049738722115523,
"5": 0.7799081681924925,
"6": 0.942072559371853,
"7": 0.7950562483020377
},
"d57289db0a6a_kyodokenkyuyoushiki11": {
"1": 0.9258741000788421
},
"d6fd9a516382_190095": {
"1": 0.9557711214926407,
"2": 0.9712380136719045
},
"d77a58485f16_20240705_resources_data_outline_08": {
"1": 0.8357691386443103,
"2": 0.9085288175203435,
"3": 0.8258120288697924,
"4": 0.8199902804674625,
"5": 0.8225434828023331,
"6": 0.8896376098643128,
"7": 0.758131733155737,
"8": 0.871057353053209,
"9": 0.7293906967770521,
"10": 0.7691846903623728,
"11": 0.8164237778413265,
"12": 0.9716219540896104
},
"d7_v0_hang_only": {
"1": 0.9883710026612187
},
"d7_v1_hang_offset": {
"1": 0.9883884742520896
},
"d7_v2_no_hang_left30": {
"1": 0.988458868535172
},
"d7_v3_huge_hang_like_1636": {
"1": 0.9883662584086421
},
"d7_v4_bullet": {
"1": 0.988040133867011
},
"d7_v5_no_indent_bullet": {
"1": 0.988040133867011
},
"d94cb2a61ef4_190096": {
"1": 0.9690732790076609
},
"db9ca18368cd_20241122_resource_open_data_01": {
"1": 0.8161231613904695,
"2": 0.7472878457385668,
"3": 0.7898102720163703
},
"de6e32b5960b_tokumei_08_01-1": {
"1": 0.7570477298259869,
"2": 0.8649010387083734,
"3": 0.8556592645693578,
"4": 0.8258999133119519,
"5": 0.9184968881649486,
"6": 0.8351536675539265,
"7": 0.7926918889261505
},
"e201249db062_tokumei_08_05": {
"1": 0.9559793599349926
},
"e3c545fac7a7_LOD_Handbook": {
"1": 0.9585160032839818,
"2": 0.9361737406027345,
"3": 0.8760687456414903,
"4": 0.6955875081475239,
"5": 0.8343183528273493,
"6": 0.7953678499781965,
"7": 0.8454362353737356,
"8": 0.800590546878844,
"9": 0.8904998199652822,
"10": 0.8298539505629722,
"11": 0.7907719322146081,
"12": 0.9892620253631402
},
"e8caed453f48_kyodokenkyuyoushiki07": {
"1": 0.8824474801918063
},
"ed025cbecffb_index-23": {
"1": 0.9137255908941672,
"2": 0.7575278199215355,
"3": 0.9026456638098921,
"4": 0.8397209533813289,
"5": 0.8735791182196725,
"6": 0.7858127588778284,
"7": 0.9453115774535462,
"8": 0.8836267448492862,
"9": 0.896512251285631,
"10": 0.8894839539240756,
"11": 0.9065477957381199,
"12": 0.9779185566058771,
"13": 0.9092245333804466,
"14": 0.8969706519137423,
"15": 0.8420638452291317,
"16": 0.9913247720266493
},
"f16f228aecde_kyodokenkyuyoushiki08": {
"1": 0.8988488326890232
},
"fded6867fcbc_index-15": {
"1": 0.9147883963749582
},
"gen2_000_取締役会議事録": {
"1": 0.9648538430634584,
"2": 0.9681021866515587
},
"gen2_001_株主総会招集通知": {
"1": 0.9477217865693373,
"2": 0.8902797631005486
},
"gen2_002_事業計画書": {
"1": 0.90248495524406
},
"gen2_003_予算申請書": {
"1": 0.9485741009189752,
"2": 0.9516679455931513
},
"gen2_004_人事評価シート": {
"1": 0.9476933494390399,
"2": 0.9313703363944513
},
"gen2_005_研修報告書": {
"1": 0.9349258618354203,
"2": 0.9477957852815138
},
"gen2_006_出張報告書": {
"1": 0.9359179978061927
},
"gen2_007_業務改善提案書": {
"1": 0.881552157766777,
"2": 0.8949280375521539,
"3": 0.99449113418437
},
"gen2_008_品質管理報告書": {
"1": 0.9607347259457854
},
"gen2_009_安全衛生委員会議事録": {
"1": 0.9606921753938119,
"2": 0.9903563226444998
},
"gen2_010_防災計画書": {
"1": 0.9494335444036416,
"2": 0.93511511612185
},
"gen2_011_情報セキュリティポリシー": {
"1": 0.9732587827465836
},
"gen2_012_個人情報保護方針": {
"1": 0.8851095624781445,
"2": 0.9842490122545238
},
"gen2_013_コンプライアンス研修資料": {
"1": 0.9266171478741506,
"2": 0.9634785566533522
},
"gen2_014_内部監査報告書": {
"1": 0.8927881170567323,
"2": 0.9529873549329649
},
"gen2_015_リスク管理報告書": {
"1": 0.9694964519688464,
"2": 0.9535807581862787
},
"gen2_016_新商品企画書": {
"1": 0.9167347029517927,
"2": 0.9840082918704985
},
"gen2_017_マーケティング戦略書": {
"1": 0.9369534669639897
},
"gen2_018_顧客満足度調査報告": {
"1": 0.9449303344104466,
"2": 0.8337842736742922
},
"gen2_019_社内規程集": {
"1": 0.9130792160070862,
"2": 0.8908130807888363
},
"gen2_020_就業規則": {
"1": 0.9308544087593388,
"2": 0.9170640620290484
},