{
  "0e7af1ae8f21_20230331_resources_open_data_contract_sample_00": {
    "2": 0.6066753715964437,
    "7": 0.6283408737984736,
    "6": 0.6580275524021607,
    "5": 0.6667779274108586,
    "3": 0.712524701570373,
    "4": 0.7161223184990458,
    "10": 0.885504367332666,
    "1": 0.939587155911255,
    "9": 0.9758255046001905,
    "8": 0.9802167638847864
  },
  "d77a58485f16_20240705_resources_data_outline_08": {
    "9": 0.6106937390234748,
    "6": 0.6149593252836212,
    "5": 0.6433761507500187,
    "7": 0.6445730343357848,
    "4": 0.6482975406744464,
    "8": 0.6642198427781737,
    "10": 0.6706175493898017,
    "2": 0.6967379710181351,
    "1": 0.7456984837992034,
    "3": 0.7494972813399827,
    "12": 0.7785735875485197,
    "11": 0.7891050504630756
  },
  "b837808d0555_20240705_resources_data_guideline_02": {
    "5": 0.6141664133542806,
    "6": 0.6412430426228932,
    "3": 0.6617187818822496,
    "4": 0.6681358396219824,
    "2": 0.6824423217866361,
    "1": 0.7232368341766596,
    "7": 0.8013702577865575
  },
  "b35123fe8efc_tokumei_08_01": {
    "1": 0.6359555691617694,
    "2": 0.7821928125539225
  },
  "29dc6e8943fe_order_01": {
    "5": 0.6640817426789032,
    "2": 0.7330262209046685,
    "3": 0.8078937706851596,
    "4": 0.8454485079708793,
    "6": 0.9490061247256053,
    "1": 0.964683283840886
  },
  "683ffcab86e2_20230331_resources_open_data_contract_addon_00": {
    "1": 0.6641276252023257,
    "2": 0.6813277473853264,
    "3": 0.9396995142004166
  },
  "04b88e7e0b25_index-19": {
    "3": 0.6652011412861512,
    "2": 0.7788309532882707,
    "4": 0.8148056844828657,
    "5": 0.831696343246347,
    "1": 0.8892891081815217
  },
  "d4d126dfe1d9_tokumei_08_01-3": {
    "5": 0.6724626365085004,
    "4": 0.7048122535594002,
    "1": 0.7725215375892139,
    "6": 0.7761161089801974,
    "7": 0.7796678539222098,
    "3": 0.8393918528566416,
    "2": 0.858342549546645
  },
  "459f05f1e877_kyodokenkyuyoushiki01": {
    "2": 0.6764516934344414,
    "1": 0.7858062724616501,
    "3": 0.8549529928118943
  },
  "1ec1091177b1_006": {
    "1": 0.6794026459585916
  },
  "e3c545fac7a7_LOD_Handbook": {
    "4": 0.6862117240023307,
    "11": 0.6886123565436687,
    "7": 0.7032760552114593,
    "9": 0.7052222026083234,
    "2": 0.7160691413415133,
    "5": 0.7222016743522399,
    "6": 0.7297744820140091,
    "10": 0.739556001136366,
    "8": 0.8118871460425452,
    "1": 0.8186411460215665,
    "3": 0.8272146761696683,
    "12": 0.852239117179869
  },
  "6514f214e482_tokumei_08_01-2": {
    "5": 0.6895987422045938,
    "7": 0.6914822764911723,
    "1": 0.7127228622263261,
    "4": 0.7667002399895418,
    "3": 0.8335558627525796,
    "2": 0.8369401082422764,
    "6": 0.8767397236025772
  },
  "34140b9c5662_index-14": {
    "5": 0.6945581586765947,
    "3": 0.7094833959563814,
    "2": 0.7162323148072657,
    "6": 0.7326966286598665,
    "4": 0.8115666673634472,
    "1": 0.8804167418545094
  },
  "a1d6e4efa2e7_tokumei_08_01-4": {
    "5": 0.6983754675782268,
    "1": 0.711190013812265,
    "7": 0.7176738122065801,
    "4": 0.7550368856635467,
    "3": 0.8314348981580149,
    "2": 0.8673844931070646,
    "6": 0.8961835884080179
  },
  "1636d28e2c46_tokumei_08_04": {
    "1": 0.7007110073488975,
    "2": 0.8553937178708694
  },
  "ed025cbecffb_index-23": {
    "7": 0.708734705910978,
    "5": 0.7181442824230343,
    "8": 0.7206737702063103,
    "6": 0.7318447635539377,
    "2": 0.7322430804623314,
    "10": 0.779108936891209,
    "3": 0.7979347575879604,
    "14": 0.8027665572234413,
    "12": 0.8098887755983336,
    "4": 0.8131209606293966,
    "13": 0.8168366863855981,
    "1": 0.8218643114018024,
    "15": 0.8558937062151091,
    "9": 0.8636093664105635,
    "11": 0.8691414323493697,
    "16": 0.8879012642189462
  },
  "d1e8ac8fd1cc_kyodokenkyuyoushiki06": {
    "1": 0.7104541454923226,
    "2": 0.9668703934298911
  },
  "15076df085f5_tokumei_08_09": {
    "1": 0.7118294614494011
  },
  "3a4f9fbe1a83_001620506": {
    "3": 0.7151327884398336,
    "4": 0.8010670213203331,
    "2": 0.8722722240822417,
    "8": 0.8974509068643249,
    "5": 0.898892740018026,
    "7": 0.9226747670904812,
    "6": 0.9255229156182369,
    "1": 0.9759604367340694
  },
  "de6e32b5960b_tokumei_08_01-1": {
    "7": 0.7159223830496555,
    "1": 0.7236208184335678,
    "5": 0.7568371146577534,
    "4": 0.7579064460701376,
    "6": 0.8270306985463524,
    "3": 0.8288373985051396,
    "2": 0.837323571331298
  },
  "gen2_007_\u696d\u52d9\u6539\u5584\u63d0\u6848\u66f8": {
    "2": 0.7159707149991243,
    "1": 0.877475564704783,
    "3": 0.9668464037079323
  },
  "db9ca18368cd_20241122_resource_open_data_01": {
    "2": 0.7188072415356027,
    "3": 0.799643963095455,
    "1": 0.8172615091200869
  },
  "2ea81a8441cc_0025006-192": {
    "2": 0.7195599697299636,
    "1": 0.7933898609959474
  },
  "31420af1a08f_tokumei_08_07": {
    "2": 0.7234582162903176,
    "1": 0.8119704337164112
  },
  "bd90b00ab7a7_order_05": {
    "1": 0.7455601014972008,
    "2": 0.9012173110830671
  },
  "c7b923e5c616_20240705_resources_data_outline_06": {
    "2": 0.7476425167992606,
    "1": 0.7653972533152502,
    "3": 0.8089076986288307
  },
  "a47e6c6b2ca1_order_08": {
    "1": 0.7544936055638306
  },
  "gen2_024_\u30c6\u30ec\u30ef\u30fc\u30af\u898f\u7a0b": {
    "2": 0.8060228455840744,
    "1": 0.9547711216532733,
    "3": 0.9690285976069669
  },
  "test_widow": {
    "1": 0.8155266054204722,
    "2": 0.8299885197366105,
    "3": 0.9866683964166115
  },
  "gen2_036_\u65b0\u5165\u793e\u54e1\u30ac\u30a4\u30c9": {
    "1": 0.8179504255279628,
    "2": 0.9625781280010045
  },
  "gen2_054_Audit_Report": {
    "1": 0.8214472480006719,
    "2": 0.8615633867283213
  },
  "gen2_018_\u9867\u5ba2\u6e80\u8db3\u5ea6\u8abf\u67fb\u5831\u544a": {
    "2": 0.8270656573028351,
    "1": 0.9531631304914879
  },
  "b5f706e9f6ad_kyodokenkyuyoushiki_bessi": {
    "2": 0.8310004936434982,
    "1": 0.8349665347147409
  },
  "gen2_060_Employee_Agreement": {
    "1": 0.8311066503882897,
    "2": 0.9528932937758628
  },
  "gen2_067_SLA_Template": {
    "1": 0.8388807999722977,
    "2": 0.9703165344702352
  },
  "test_line_heights": {
    "4": 0.8423213920567433,
    "5": 0.872637373270834,
    "3": 0.8873347401909847,
    "1": 0.9039567618284329,
    "2": 0.9071412115175455,
    "6": 0.9846286730410183
  },
  "gen2_041_Annual_Report": {
    "1": 0.8459293700975095,
    "2": 0.8704152656757701
  },
  "gen2_055_Risk_Management_Report": {
    "1": 0.8460546773384278,
    "2": 0.982218411064654
  },
  "cb8be715d839_kyodokenkyuyoushiki03": {
    "1": 0.8498225600471928,
    "2": 0.9704963735071299
  },
  "gen2_058_Customer_Survey_Results": {
    "1": 0.850477010549171,
    "2": 0.952089060722634
  },
  "e8caed453f48_kyodokenkyuyoushiki07": {
    "1": 0.8534353069811077
  },
  "gen_tables": {
    "1": 0.8562605753870153
  },
  "191cb5254cb2_tokumei_08_10": {
    "1": 0.857871206152571
  },
  "gen2_068_SOW_Template": {
    "1": 0.862339460280646,
    "2": 0.9753678833264666
  },
  "gen2_052_Privacy_Policy": {
    "1": 0.8628578778760092
  },
  "gen_long": {
    "2": 0.8671740249288599,
    "1": 0.9003652410897818
  },
  "gen2_069_Change_Request_Form": {
    "1": 0.8681667792920734,
    "2": 0.9744460386233936
  },
  "gen2_026_\u526f\u696d_\u517c\u696d\u898f\u7a0b": {
    "1": 0.868424467721511,
    "2": 0.9237609374620718
  },
  "gen2_077_API_Documentation": {
    "1": 0.8700791194123988,
    "2": 0.9600957346523028
  },
  "gen2_048_Quality_Report": {
    "1": 0.870156979512966
  },
  "gen2_012_\u500b\u4eba\u60c5\u5831\u4fdd\u8b77\u65b9\u91dd": {
    "1": 0.8774801775392166,
    "2": 0.9779314574347354
  },
  "gen2_023_\u80b2\u5150\u4f11\u696d\u898f\u7a0b": {
    "1": 0.8777435285377145,
    "2": 0.9847094709744351
  },
  "gen2_021_\u7d66\u4e0e\u898f\u7a0b": {
    "2": 0.8782751508531964,
    "1": 0.962316875969241
  },
  "gen2_064_Terms_of_Service": {
    "1": 0.8805418618627984,
    "2": 0.9680114609940617
  },