{
  "d77a58485f16_20240705_resources_data_outline_08": {
    "1": 0.8265243018460251,
    "2": 0.8185798506513996,
    "3": 0.8217541139406038,
    "4": 0.7999196887545067,
    "5": 0.7802949162974008,
    "6": 0.8482045748284572,
    "7": 0.6202076854056379,
    "8": 0.662385993138216,
    "9": 0.6261138814955094,
    "10": 0.7525212267513216,
    "11": 0.788204423502396,
    "12": 0.9645901695937221
  },
  "b837808d0555_20240705_resources_data_guideline_02": {
    "1": 0.7688676974523437,
    "2": 0.8020047629060946,
    "3": 0.6377630609700202,
    "4": 0.6686640387553008,
    "5": 0.6018641292027403,
    "6": 0.6201164744615607,
    "7": 0.799789853342726
  },
  "29dc6e8943fe_order_01": {
    "1": 0.9684721489265714,
    "2": 0.7208600390962211,
    "3": 0.8044966476900745,
    "4": 0.8397794100608439,
    "5": 0.6624517214687046,
    "6": 0.9315826252697061
  },
  "04b88e7e0b25_index-19": {
    "1": 0.86062173417812,
    "2": 0.7815370862032234,
    "3": 0.6575364450957446,
    "4": 0.693160065344863,
    "5": 0.9157465389344512
  },
  "2ea81a8441cc_0025006-192": {
    "1": 0.7710384498672678,
    "2": 0.6567890353616095
  },
  "e3c545fac7a7_LOD_Handbook": {
    "1": 0.8305246364799961,
    "2": 0.7210025047366164,
    "3": 0.7159361933436996,
    "4": 0.6931100175941745,
    "5": 0.763096363651606,
    "6": 0.692077537911362,
    "7": 0.6885064038509426,
    "8": 0.696740913786759,
    "9": 0.6830876477366351,
    "10": 0.7522514979129432,
    "11": 0.6613458951605233,
    "12": 0.9377416788862083
  },
  "b35123fe8efc_tokumei_08_01": {
    "1": 0.659599115785433,
    "2": 0.7424202516991104
  },
  "d4d126dfe1d9_tokumei_08_01-3": {
    "1": 0.7610723914445354,
    "2": 0.8505877498976518,
    "3": 0.8343807407161692,
    "4": 0.6994655531295954,
    "5": 0.6658978828922665,
    "6": 0.7705415881350406,
    "7": 0.7780776694716567
  },
  "34140b9c5662_index-14": {
    "1": 0.9028513398702871,
    "2": 0.73393064252343,
    "3": 0.7056965944184693,
    "4": 0.697840713817805,
    "5": 0.6683547923251653,
    "6": 0.7707093100017093
  },
  "459f05f1e877_kyodokenkyuyoushiki01": {
    "1": 0.7718625604997018,
    "2": 0.6694960811868637,
    "3": 0.8537584905749884
  },
  "6514f214e482_tokumei_08_01-2": {
    "1": 0.7019825305564693,
    "2": 0.8276921930558966,
    "3": 0.8289814805860547,
    "4": 0.7616017709012083,
    "5": 0.6870330435752608,
    "6": 0.8734009042479947,
    "7": 0.6873753974276137
  },
  "db9ca18368cd_20241122_resource_open_data_01": {
    "1": 0.7713951447572319,
    "2": 0.6879716041375687,
    "3": 0.7191393038723943
  },
  "1636d28e2c46_tokumei_08_04": {
    "1": 0.6883965449122986,
    "2": 0.8469178292454139
  },
  "1ec1091177b1_006": {
    "1": 0.6882581621304856
  },
  "a1d6e4efa2e7_tokumei_08_01-4": {
    "1": 0.6991245373662951,
    "2": 0.858164207655885,
    "3": 0.827213242128458,
    "4": 0.749690385309078,
    "5": 0.6939740869475162,
    "6": 0.892351208993076,
    "7": 0.7167316863752072
  },
  "3a4f9fbe1a83_001620506": {
    "1": 0.9858895311041915,
    "2": 0.8874724090913957,
    "3": 0.7056396223222068,
    "4": 0.832995350093579,
    "5": 0.9114133720972484,
    "6": 0.9514253717068306,
    "7": 0.9452534692916187,
    "8": 0.9230484312972328
  },
  "15076df085f5_tokumei_08_09": {
    "1": 0.709654252779438
  },
  "ed025cbecffb_index-23": {
    "1": 0.817308652871054,
    "2": 0.726868817645321,
    "3": 0.8180778360056196,
    "4": 0.7430405888285831,
    "5": 0.7549516864674437,
    "6": 0.7047222780901233,
    "7": 0.8073995775166751,
    "8": 0.7222799877791736,
    "9": 0.7805039349376431,
    "10": 0.8817969214347384,
    "11": 0.7716898672386046,
    "12": 0.8110094903809746,
    "13": 0.7762039718953596,
    "14": 0.8340293574429796,
    "15": 0.8574432731440393,
    "16": 0.8584276759244877
  },
  "gen2_007_業務改善提案書": {
    "1": 0.8763218826512702,
    "2": 0.7080700238167796,
    "3": 0.9664950640234086
  },
  "de6e32b5960b_tokumei_08_01-1": {
    "1": 0.7120985532756552,
    "2": 0.8309913887837346,
    "3": 0.8249159891573776,
    "4": 0.7555782672772346,
    "5": 0.751193619723398,
    "6": 0.8237877835248156,
    "7": 0.7137096172689615
  },
  "31420af1a08f_tokumei_08_07": {
    "1": 0.8015975483664237,
    "2": 0.7116901776767879
  },
  "bd90b00ab7a7_order_05": {
    "1": 0.7158232704207342,
    "2": 0.8278728891246464
  },
  "d1e8ac8fd1cc_kyodokenkyuyoushiki06": {
    "1": 0.7090984099449262,
    "2": 0.9538916056391801
  },
  "0e7af1ae8f21_20230331_resources_open_data_contract_sample_00": {
    "1": 0.9607747466683098,
    "2": 0.7358114532245945,
    "3": 0.7758517267379184,
    "4": 0.7759306181399523,
    "5": 0.7770298344106913,
    "6": 0.7369757050089875,
    "7": 0.7728195966290987,
    "8": 0.987362461529176,
    "9": 0.9757331284379556,
    "10": 0.8832161207022982
  },
  "a47e6c6b2ca1_order_08": {
    "1": 0.7503919709549214
  },
  "683ffcab86e2_20230331_resources_open_data_contract_addon_00": {
    "1": 0.7566241219644497,
    "2": 0.737982960811889,
    "3": 0.9662411096380186
  },
  "test_widow": {
    "1": 0.7527337342626781,
    "2": 0.7564026423416274,
    "3": 0.9800324370553326
  },
  "c7b923e5c616_20240705_resources_data_outline_06": {
    "1": 0.7965145537303389,
    "2": 0.8297976453019472,
    "3": 0.8468688925237632
  },
  "gen_long": {
    "1": 0.786747344189955,
    "2": 0.8115514062989101
  },
  "gen2_036_新入社員ガイド": {
    "1": 0.8142277581472284,
    "2": 0.9333863133831256
  },
  "gen2_024_テレワーク規程": {
    "1": 0.8851312893905053,
    "2": 0.825501667157617,
    "3": 0.9711120493931518
  },
  "gen2_054_Audit_Report": {
    "1": 0.8209172746482843,
    "2": 0.8505668030884256
  },
  "gen2_037_管理職ハンドブック": {
    "1": 0.8400855098994112,
    "2": 0.9455881917179092
  },
  "b5f706e9f6ad_kyodokenkyuyoushiki_bessi": {
    "1": 0.827649074452739,
    "2": 0.8743015736429933
  },
  "gen2_060_Employee_Agreement": {
    "1": 0.8355921616344829,
    "2": 0.9370496655171012
  },
  "fded6867fcbc_index-15": {
    "1": 0.8419391138500641
  },
  "gen2_077_API_Documentation": {
    "1": 0.8374430342964396,
    "2": 0.9427578751888184
  },
  "gen2_019_社内規程集": {
    "1": 0.8470225447301913,
    "2": 0.8859887871167829
  },
  "test_line_heights": {
    "1": 0.8876462607956143,
    "2": 0.8968075720171019,
    "3": 0.8858160811762698,
    "4": 0.8404800269141758,
    "5": 0.8664636144324139,
    "6": 0.9837372029750975
  },
  "gen2_041_Annual_Report": {
    "1": 0.8387547409976277,
    "2": 0.8681487925414604
  },
  "gen2_032_経費精算マニュアル": {
    "1": 0.8742247550369191,
    "2": 0.8558201938742301
  },
  "gen2_055_Risk_Management_Report": {
    "1": 0.8438580574099813,
    "2": 0.9749936237000463
  },
  "gen2_067_SLA_Template": {
    "1": 0.8512893403202789,
    "2": 0.9614739340442321
  },
  "gen2_012_個人情報保護方針": {
    "1": 0.8579092381923549,
    "2": 0.9581901769202195
  },
  "gen_tables": {
    "1": 0.853673276704148
  },
  "gen2_010_防災計画書": {
    "1": 0.8810399952370398,
    "2": 0.8573061948091089
  },
  "gen2_068_SOW_Template": {
    "1": 0.8546355819742101,
    "2": 0.964511424947464
  },
  "gen2_074_Test_Plan": {
    "1": 0.8607483462709985,
    "2": 0.9789176209607136
  },
  "gen2_069_Change_Request_Form": {
    "1": 0.8571451171799748,
    "2": 0.9666038767883208
  },
  "gen2_058_Customer_Survey_Results": {
    "1": 0.8554673371220466,
    "2": 0.953857716206167
  },
  "gen2_020_就業規則": {
    "1": 0.8702615682552052,
    "2": 0.9315056384308857
  },
  "gen2_013_コンプライアンス研修資料": {
    "1": 0.8770676474117248,
    "2": 0.9158164650433499
  },
  "gen2_025_ハラスメント防止規程": {
    "1": 0.8735582280277718,
    "2": 0.9763064222663992
  },
  "gen2_052_Privacy_Policy": {
    "1": 0.8629428424791047
  },
  "gen2_027_懲戒規程": {
    "1": 0.8692863030079789
  },
  "gen2_050_Disaster_Plan": {
    "1": 0.8772774931305041,
    "2": 0.8690196434078896
  },
  "gen2_057_Marketing_Strategy": {
    "1": 0.8609007945807912,
    "2": 0.8986500666426804
  },