{
  "0e7af1ae8f21_20230331_resources_open_data_contract_sample_00": {
    "7": 0.4660656638087123,
    "2": 0.5622252951120982,
    "6": 0.558516206633066,
    "5": 0.5918460026051252,
    "4": 0.6339008808349338,
    "3": 0.6330831953675986,
    "10": 0.6980497919863929,
    "1": 0.9188781443357286,
    "8": 0.9573456882158323,
    "9": 0.964512285768039
  },
  "683ffcab86e2_20230331_resources_open_data_contract_addon_00": {
    "2": 0.5891983564463568,
    "1": 0.6327029824661611,
    "3": 0.9369753724696912
  },
  "b837808d0555_20240705_resources_data_guideline_02": {
    "4": 0.5695043421917825,
    "3": 0.598556000898683,
    "5": 0.6130783095118747,
    "6": 0.617264437990775,
    "1": 0.6608992876483542,
    "2": 0.6679557942976618,
    "7": 0.7896923481165313
  },
  "d77a58485f16_20240705_resources_data_outline_08": {
    "9": 0.6535900603999799,
    "7": 0.6650045663780723,
    "2": 0.6020703498059621,
    "6": 0.607066623918735,
    "5": 0.6199143606039293,
    "3": 0.6344359959592316,
    "8": 0.6428335297046838,
    "4": 0.6331962715465852,
    "10": 0.6702162261612116,
    "1": 0.701370092971376,
    "11": 0.7764732822727359,
    "12": 0.7914745273165299
  },
  "1ec1091177b1_006": {
    "1": 0.589773037459956
  },
  "b35123fe8efc_tokumei_08_01": {
    "1": 0.6080269272017116,
    "2": 0.6998779153433462
  },
  "3a4f9fbe1a83_001620506": {
    "4": 0.7666156071861532,
    "3": 0.7229597415088775,
    "2": 0.8281215180905229,
    "5": 0.8845829434874746,
    "7": 0.8953330870992253,
    "8": 0.8835014557783151,
    "6": 0.8942167229859382,
    "1": 0.9700627654304124
  },
  "2ea81a8441cc_0025006-192": {
    "2": 0.6454496625425319,
    "1": 0.7793453358606556
  },
  "e3c545fac7a7_LOD_Handbook": {
    "11": 0.6607728538289215,
    "4": 0.6690608532310579,
    "7": 0.6920237184409145,
    "9": 0.6976570559125536,
    "6": 0.6988495624613371,
    "8": 0.7223248351180875,
    "3": 0.7206632189729216,
    "2": 0.7269300945401004,
    "5": 0.761001295473061,
    "10": 0.7643351988510071,
    "1": 0.829132263878418,
    "12": 0.9651342082816897
  },
  "d4d126dfe1d9_tokumei_08_01-3": {
    "5": 0.6625475807373566,
    "4": 0.7062541521153817,
    "7": 0.7415423664012563,
    "1": 0.7748073220089603,
    "6": 0.7965428677677181,
    "3": 0.8417464166172005,
    "2": 0.8496990719528934
  },
  "ed025cbecffb_index-23": {
    "7": 0.8110382937199839,
    "6": 0.6957798553717321,
    "2": 0.7438235364432356,
    "9": 0.798390295101612,
    "3": 0.7107600975097434,
    "5": 0.7590593439221712,
    "14": 0.8741067328983166,
    "13": 0.7653603767015058,
    "12": 0.8037091605095672,
    "4": 0.7905713791463695,
    "10": 0.8828774204374003,
    "1": 0.8170444984077073,
    "15": 0.7955355533359458,
    "8": 0.7213009131903866,
    "16": 0.8621432689848408,
    "11": 0.7750266975868754
  },
  "04b88e7e0b25_index-19": {
    "3": 0.7203797969450217,
    "2": 0.7411915074384401,
    "4": 0.7769513372881134,
    "1": 0.8674725500011884,
    "5": 0.9790443672834874
  },
  "db9ca18368cd_20241122_resource_open_data_01": {
    "2": 0.7088008616558226,
    "3": 0.7351413090351927,
    "1": 0.7948153438228859
  },
  "459f05f1e877_kyodokenkyuyoushiki01": {
    "2": 0.6919840155955929,
    "1": 0.7866182887961696,
    "3": 0.8539547223113989
  },
  "6514f214e482_tokumei_08_01-2": {
    "5": 0.6845689657555464,
    "1": 0.7161640973224644,
    "7": 0.7604527437382878,
    "4": 0.7623536563884097,
    "6": 0.7846375733821619,
    "2": 0.8255487400260386,
    "3": 0.8302412781163357
  },
  "34140b9c5662_index-14": {
    "4": 0.6918375374904734,
    "5": 0.685870892231824,
    "2": 0.7081333460701861,
    "3": 0.7222773820648403,
    "6": 0.8103383771316256,
    "1": 0.8624472403374814
  },
  "bd90b00ab7a7_order_05": {
    "1": 0.7150832623435066,
    "2": 0.8366069248131459
  },
  "a1d6e4efa2e7_tokumei_08_01-4": {
    "5": 0.6959447130404043,
    "1": 0.7135473919704863,
    "7": 0.7251697630377025,
    "4": 0.7560983634760325,
    "3": 0.8273319519779277,
    "2": 0.8575819675571844,
    "6": 0.908956929230938
  },
  "d1e8ac8fd1cc_kyodokenkyuyoushiki06": {
    "1": 0.7264301954019267,
    "2": 0.9506156800035398
  },
  "15076df085f5_tokumei_08_09": {
    "1": 0.7101790252254215
  },
  "de6e32b5960b_tokumei_08_01-1": {
    "1": 0.7135638257215016,
    "7": 0.7180667708203005,
    "5": 0.7609918541490568,
    "4": 0.7590396762958533,
    "6": 0.8300506481189481,
    "3": 0.830369178347289,
    "2": 0.83617092899484
  },
  "1636d28e2c46_tokumei_08_04": {
    "1": 0.7196104196383747,
    "2": 0.8811162512684356
  },
  "31420af1a08f_tokumei_08_07": {
    "2": 0.7204135297483797,
    "1": 0.8139060655735246
  },
  "29dc6e8943fe_order_01": {
    "5": 0.6612796247902684,
    "3": 0.7988794842856836,
    "6": 0.9344245819064277,
    "2": 0.7224216311538797,
    "4": 0.8462662643948425,
    "1": 0.9478289433515175
  },
  "a47e6c6b2ca1_order_08": {
    "1": 0.7561069277731446
  },
  "c7b923e5c616_20240705_resources_data_outline_06": {
    "3": 0.7577100551004079,
    "2": 0.741529448951181,
    "1": 0.7468947645377312
  },
  "b5f706e9f6ad_kyodokenkyuyoushiki_bessi": {
    "1": 0.8116476399876776,
    "2": 0.7824663065882287
  },
  "gen2_054_Audit_Report": {
    "1": 0.7871454229749151,
    "2": 0.794572709047141
  },
  "gen2_007_業務改善提案書": {
    "2": 0.7925826435963934,
    "1": 0.8425077463661674,
    "3": 0.9791152584658387
  },
  "gen2_024_テレワーク規程": {
    "2": 0.7957226455590112,
    "1": 0.9073898967746542,
    "3": 0.9717248730854723
  },
  "gen2_036_新入社員ガイド": {
    "1": 0.7970675875165966,
    "2": 0.9428004435243772
  },
  "gen2_037_管理職ハンドブック": {
    "1": 0.8078572117295488,
    "2": 0.922941151815404
  },
  "gen2_032_経費精算マニュアル": {
    "2": 0.8139728166385325,
    "1": 0.8456622666541644
  },
  "gen2_012_個人情報保護方針": {
    "1": 0.8173425994245832,
    "2": 0.960542716275932
  },
  "gen2_025_ハラスメント防止規程": {
    "1": 0.819468107282087,
    "2": 0.9776060310057934
  },
  "gen2_050_Disaster_Plan": {
    "2": 0.8204260125108469,
    "1": 0.8831518985433063
  },
  "fded6867fcbc_index-15": {
    "1": 0.8238767529188978
  },
  "gen2_060_Employee_Agreement": {
    "1": 0.8284923470184353,
    "2": 0.9625119821315179
  },
  "gen2_035_電話対応マニュアル": {
    "1": 0.828245574617455,
    "2": 0.9629144340101302
  },
  "gen2_021_給与規程": {
    "2": 0.8310009295484112,
    "1": 0.91302383102469
  },
  "gen2_019_社内規程集": {
    "1": 0.8313933934384136,
    "2": 0.9358377869073174
  },
  "gen2_026_副業_兼業規程": {
    "1": 0.8326952198050939,
    "2": 0.9282812588037249
  },
  "gen2_014_内部監査報告書": {
    "1": 0.8353399391443893,
    "2": 0.9321651295122274
  },
  "gen2_068_SOW_Template": {
    "1": 0.8372438094433222,
    "2": 0.9870753760686228
  },
  "gen2_013_コンプライアンス研修資料": {
    "1": 0.8371585113035515,
    "2": 0.9067602864273222
  },
  "cb8be715d839_kyodokenkyuyoushiki03": {
    "1": 0.843080410438359,
    "2": 0.9712445442210547
  },
  "gen2_052_Privacy_Policy": {
    "1": 0.8392619911259335
  },
  "test_line_heights": {
    "4": 0.8390858268218274,
    "5": 0.8745961437545667,
    "3": 0.8900324869359827,
    "2": 0.9314754926701897,
    "1": 0.9466745698229972,
    "6": 0.9824699689062083
  },
  "gen2_027_懲戒規程": {
    "1": 0.8420034477248571
  },
  "gen2_077_API_Documentation": {
    "1": 0.8442966993878911,
    "2": 0.8745005221673823
  },
  "gen2_020_就業規則": {
    "1": 0.843373138102003,
    "2": 0.9255812683957295
  },
  "gen2_023_育児休業規程": {
    "1": 0.8438256741604137,
    "2": 0.9205848128013909
  },
  "gen2_033_受注管理マニュアル": {
    "1": 0.8479742297944098
  },
  "gen2_002_事業計画書": {
    "1": 0.8482130029951332
  },
  "gen2_074_Test_Plan": {
    "1": 0.8555284362660649,
    "2": 0.9795998940370968
  },
  "gen2_010_防災計画書": {
    "2": 0.8554103059728133,
    "1": 0.8667612971261782
  },
  "gen2_041_Annual_Report": {
    "1": 0.8571314693169149,
    "2": 0.8916414651874159
  },
  "gen_tables": {
    "1": 0.8578571897737736
  },
  "gen2_018_顧客満足度調査報告": {
    "2": 0.8578679916668795,