{
  "d77a58485f16_20240705_resources_data_outline_08": {
    "7": 0.626803112435039,
    "9": 0.6370764435038728,
    "8": 0.6675409701847332,
    "10": 0.7561181761421635,
    "5": 0.7746133762970548,
    "11": 0.792336720675093,
    "4": 0.8101076695143701,
    "3": 0.8161626555433585,
    "1": 0.8166871956313262,
    "2": 0.8260100025651068,
    "6": 0.8297202290467801,
    "12": 0.9656060899073604
  },
  "b837808d0555_20240705_resources_data_guideline_02": {
    "6": 0.6448858456928609,
    "5": 0.6468284951558124,
    "4": 0.652499042238243,
    "3": 0.6726768937613602,
    "2": 0.6751246638398541,
    "1": 0.7563611730691981,
    "7": 0.8455097793765715
  },
  "e3c545fac7a7_LOD_Handbook": {
    "11": 0.6649,
    "9": 0.6863,
    "7": 0.6911999107640062,
    "4": 0.6998,
    "8": 0.6991380620347059,
    "6": 0.696,
    "2": 0.7245,
    "3": 0.7206,
    "10": 0.7555,
    "5": 0.7656331023341281,
    "1": 0.8326003871517336,
    "12": 0.9394916995308406
  },
  "29dc6e8943fe_order_01": {
    "5": 0.6635602474112119,
    "2": 0.7280937765850178,
    "3": 0.8072884424753509,
    "4": 0.840648830971523,
    "6": 0.9327850537860419,
    "1": 0.9690003252800636
  },
  "2ea81a8441cc_0025006-192": {
    "2": 0.6643309387601787,
    "1": 0.7786637978489033
  },
  "b35123fe8efc_tokumei_08_01": {
    "1": 0.6664159853023677,
    "2": 0.747920495210041
  },
  "1ec1091177b1_006": {
    "1": 0.6794
  },
  "04b88e7e0b25_index-19": {
    "3": 0.6673066161155958,
    "4": 0.7004740071787268,
    "2": 0.7708733259713864,
    "1": 0.8623692313104786,
    "5": 0.9117461417836555
  },
  "d4d126dfe1d9_tokumei_08_01-3": {
    "5": 0.6682715577895642,
    "4": 0.7008913162561964,
    "1": 0.7693144118952461,
    "6": 0.7760853471528639,
    "7": 0.7792610162335386,
    "3": 0.8356644144701333,
    "2": 0.8515410848120268
  },
  "34140b9c5662_index-14": {
    "5": 0.6711338501127907,
    "4": 0.7022717354452391,
    "3": 0.7108939567514639,
    "2": 0.751084797199828,
    "6": 0.7645189414643601,
    "1": 0.9134576445541954
  },
  "459f05f1e877_kyodokenkyuyoushiki01": {
    "2": 0.6804725493074946,
    "1": 0.7785366782424245,
    "3": 0.85563892039977
  },
  "6514f214e482_tokumei_08_01-2": {
    "5": 0.6891233149295332,
    "7": 0.6897072929084075,
    "1": 0.7078336034204517,
    "4": 0.765748415638635,
    "3": 0.8320219713070357,
    "2": 0.8322745850609331,
    "6": 0.8750501911368235
  },
  "db9ca18368cd_20241122_resource_open_data_01": {
    "2": 0.6903928321921627,
    "3": 0.722263722952706,
    "1": 0.7856115003991162
  },
  "1636d28e2c46_tokumei_08_04": {
    "1": 0.6922538321592223,
    "2": 0.8475567242008161
  },
  "a1d6e4efa2e7_tokumei_08_01-4": {
    "5": 0.698361648716474,
    "1": 0.7059317422899847,
    "7": 0.7187901731545674,
    "4": 0.7535723712674898,
    "3": 0.8301608093106397,
    "2": 0.863070714469638,
    "6": 0.8955699404243586
  },
  "3a4f9fbe1a83_001620506": {
    "3": 0.7054802193643356,
    "4": 0.8310764065138986,
    "2": 0.8879202428115036,
    "5": 0.9080481692716228,
    "8": 0.9249237980203794,
    "7": 0.9482563887979119,
    "6": 0.956564875196852,
    "1": 0.9868538691900155
  },
  "15076df085f5_tokumei_08_09": {
    "1": 0.7080838589823673
  },
  "ed025cbecffb_index-23": {
    "6": 0.7104968501294087,
    "2": 0.72624640324422,
    "8": 0.7273851219509702,
    "4": 0.7454371242595107,
    "5": 0.761398163906252,
    "11": 0.7748373416840869,
    "13": 0.7775461311118064,
    "9": 0.786,
    "7": 0.8102204701725788,
    "12": 0.8144071284232174,
    "3": 0.8228377588450715,
    "14": 0.8350512511325543,
    "1": 0.8411094039726149,
    "15": 0.8563403393089687,
    "16": 0.8607498106043113,
    "10": 0.8823584870381902
  },
  "gen2_007_業務改善提案書": {
    "2": 0.7122971393301887,
    "1": 0.8710813415383519,
    "3": 0.9666213410712308
  },
  "de6e32b5960b_tokumei_08_01-1": {
    "7": 0.7151851315114012,
    "1": 0.7208037486909159,
    "5": 0.7556635466208412,
    "4": 0.7564755672599425,
    "6": 0.8257400672221099,
    "3": 0.8260932184690345,
    "2": 0.8340232716551692
  },
  "31420af1a08f_tokumei_08_07": {
    "2": 0.7173799193611224,
    "1": 0.8061125606893998
  },
  "bd90b00ab7a7_order_05": {
    "1": 0.722697456820959,
    "2": 0.8284398198546263
  },
  "d1e8ac8fd1cc_kyodokenkyuyoushiki06": {
    "1": 0.7284029059174976,
    "2": 0.9553743092452466
  },
  "0e7af1ae8f21_20230331_resources_open_data_contract_sample_00": {
    "6": 0.7427540413398527,
    "2": 0.7525591899898189,
    "3": 0.7685445736595661,
    "4": 0.7725630646061576,
    "7": 0.7959843937958886,
    "5": 0.805476956841208,
    "10": 0.9131245671576909,
    "1": 0.9526170532816969,
    "9": 0.9690023136211151,
    "8": 0.9921012094001647
  },
  "a47e6c6b2ca1_order_08": {
    "1": 0.7511474573266028
  },
  "683ffcab86e2_20230331_resources_open_data_contract_addon_00": {
    "2": 0.7558296462871769,
    "1": 0.7591918503594424,
    "3": 0.9695443788644676
  },
  "test_widow": {
    "1": 0.771720892574479,
    "2": 0.7758339616881577,
    "3": 0.9815399348110819
  },
  "c7b923e5c616_20240705_resources_data_outline_06": {
    "1": 0.7855082082441068,
    "2": 0.8061533749369604,
    "3": 0.8405351885827791
  },
  "gen_long": {
    "1": 0.8034587658036628,
    "2": 0.8278926199494768
  },
  "gen2_036_新入社員ガイド": {
    "1": 0.8210094724261406,
    "2": 0.9314259695181767
  },
  "gen2_024_テレワーク規程": {
    "2": 0.8218939558499557,
    "1": 0.8837839927862235,
    "3": 0.9670933941246013
  },
  "gen2_054_Audit_Report": {
    "1": 0.826443602257347,
    "2": 0.8551721093433416
  },
  "b5f706e9f6ad_kyodokenkyuyoushiki_bessi": {
    "1": 0.8276290019273663,
    "2": 0.861975015427655
  },
  "gen2_037_管理職ハンドブック": {
    "1": 0.8306204969265059,
    "2": 0.9412008861233407
  },
  "gen2_060_Employee_Agreement": {
    "1": 0.8374370138961643,
    "2": 0.9416612541851498
  },
  "fded6867fcbc_index-15": {
    "1": 0.8389356769456519
  },
  "gen2_077_API_Documentation": {
    "1": 0.839576083596364,
    "2": 0.94864139947237
  },
  "gen2_019_社内規程集": {
    "1": 0.8400811994245204,
    "2": 0.8875475364153846
  },
  "test_line_heights": {
    "4": 0.8435732052462495,
    "5": 0.8702631392290975,
    "3": 0.8869343633260053,
    "1": 0.8906500842815027,
    "2": 0.8987214232044329,
    "6": 0.9845233654927373
  },
  "gen2_041_Annual_Report": {
    "1": 0.8451632601461867,
    "2": 0.8664461205715311
  },
  "gen2_032_経費精算マニュアル": {
    "2": 0.8464074038547084,
    "1": 0.8678338655434921
  },
  "gen2_055_Risk_Management_Report": {
    "1": 0.847294057948739,
    "2": 0.9763102766815264
  },
  "gen2_067_SLA_Template": {
    "1": 0.8513553628792425,
    "2": 0.964186743931057
  },
  "gen2_012_個人情報保護方針": {
    "1": 0.8515882427521482,
    "2": 0.9579292640946019
  },
  "gen_tables": {
    "1": 0.8560166659587144
  },
  "gen2_010_防災計画書": {
    "2": 0.8568261881854263,
    "1": 0.8771519614149188
  },
  "gen2_068_SOW_Template": {
    "1": 0.8622836642810263,
    "2": 0.9661807556560486
  },
  "gen2_074_Test_Plan": {
    "1": 0.86499680386124,
    "2": 0.9751603902984681
  },
  "gen2_069_Change_Request_Form": {
    "1": 0.8651546030942807,
    "2": 0.9689722421642731
  },
  "gen2_058_Customer_Survey_Results": {
    "1": 0.8652962202187201,
    "2": 0.9576148233031058
  },
  "gen2_020_就業規則": {
    "1": 0.8663198919308958,
    "2": 0.937126343538972
  },
  "gen2_013_コンプライアンス研修資料": {
    "1": 0.8666542706094389,
    "2": 0.9103751523998821
  },
  "gen2_025_ハラスメント防止規程": {
    "1": 0.8666811624154867,
    "2": 0.9762899516159115
  },
  "gen2_052_Privacy_Policy": {
    "1": 0.8675171518713215
  },
  "gen2_027_懲戒規程": {
    "1": 0.8679402265526287
  },
  "gen2_050_Disaster_Plan": {
    "2": 0.8691840815141313,
    "1": 0.8758028347471719
  },
  "gen2_057_Marketing_Strategy": {
    "1": 0.8693717494819584,
    "2": 0.9007657126330408
  },
  "gen2_061_NDA_Template": {
    "2": 0.8706127905614084,
    "1": 0.8920456400977964
  },
  "gen2_049_Safety_Committee_Minutes": {
    "1": 0.8710902182290057,