{
  "0e7af1ae8f21_20230331_resources_open_data_contract_sample_00": {
    "2": 0.6066753715964437,
    "7": 0.6283408737984736,
    "6": 0.6580275524021607,
    "5": 0.6667779274108586,
    "3": 0.712524701570373,
    "4": 0.7161223184990458,
    "10": 0.885504367332666,
    "1": 0.939587155911255,
    "9": 0.9758255046001905,
    "8": 0.9802167638847864
  },
  "b837808d0555_20240705_resources_data_guideline_02": {
    "4": 0.6149316341614928,
    "5": 0.6264432155162636,
    "6": 0.6321775304909474,
    "3": 0.6324901400821176,
    "1": 0.7519213281148648,
    "2": 0.7727966852932134,
    "7": 0.8400375456400383
  },
  "d77a58485f16_20240705_resources_data_outline_08": {
    "7": 0.6450946363615494,
    "9": 0.6514329176718812,
    "8": 0.6672005552324259,
    "2": 0.6925181556469701,
    "10": 0.7325694269449543,
    "1": 0.7384581748874651,
    "5": 0.7391126470440706,
    "6": 0.7458558607395279,
    "3": 0.7470924793422498,
    "4": 0.7615485641459735,
    "11": 0.8087437465198378,
    "12": 0.9655982743954574
  },
  "04b88e7e0b25_index-19": {
    "3": 0.6631200435633806,
    "4": 0.7025008362251691,
    "2": 0.7788226160752543,
    "1": 0.8895911659199457,
    "5": 0.9187918584466811
  },
  "683ffcab86e2_20230331_resources_open_data_contract_addon_00": {
    "1": 0.6641276252023257,
    "2": 0.6813277473853264,
    "3": 0.9396995142004166
  },
  "29dc6e8943fe_order_01": {
    "5": 0.6641454401050243,
    "2": 0.7330262209046685,
    "3": 0.8081716052515423,
    "4": 0.8449929412530731,
    "6": 0.931744650854434,
    "1": 0.9664750428242407
  },
  "2ea81a8441cc_0025006-192": {
    "2": 0.6673596655331521,
    "1": 0.7806077290453054
  },
  "d4d126dfe1d9_tokumei_08_01-3": {
    "5": 0.6724626365085004,
    "4": 0.7048122535594002,
    "1": 0.7725215375892139,
    "6": 0.7760367652714071,
    "7": 0.7796678539222098,
    "3": 0.8393918528566416,
    "2": 0.858342549546645
  },
  "e3c545fac7a7_LOD_Handbook": {
    "11": 0.6749901454099284,
    "9": 0.6959629887952458,
    "7": 0.6986705193996334,
    "4": 0.7009907447961247,
    "6": 0.7020702093035295,
    "8": 0.7133041810116217,
    "2": 0.7160691413415133,
    "3": 0.726065226725647,
    "10": 0.7639437135285861,
    "5": 0.7737187740356909,
    "1": 0.8186411460215665,
    "12": 0.9421234436390257
  },
  "34140b9c5662_index-14": {
    "5": 0.675644504719397,
    "4": 0.7021489617016093,
    "3": 0.7094078722538241,
    "2": 0.7244352864767457,
    "6": 0.7753314868735929,
    "1": 0.8813654966263651
  },
  "459f05f1e877_kyodokenkyuyoushiki01": {
    "2": 0.6764516934344414,
    "1": 0.7857528450697898,
    "3": 0.8549529928118943
  },
  "b35123fe8efc_tokumei_08_01": {
    "1": 0.678111086166417,
    "2": 0.7470448569198641
  },
  "1ec1091177b1_006": {
    "1": 0.6786011612015818
  },
  "6514f214e482_tokumei_08_01-2": {
    "5": 0.6895987422045938,
    "7": 0.6912861460003982,
    "1": 0.7127228622263261,
    "4": 0.7667002399895418,
    "3": 0.8335558627525796,
    "2": 0.8369401082422764,
    "6": 0.8767397236025772
  },
  "1636d28e2c46_tokumei_08_04": {
    "1": 0.6965669827423889,
    "2": 0.8504335713958834
  },
  "a1d6e4efa2e7_tokumei_08_01-4": {
    "5": 0.6983754675782268,
    "1": 0.711190013812265,
    "7": 0.7173531110547197,
    "4": 0.7550368856635467,
    "3": 0.8314348981580149,
    "2": 0.8673844931070646,
    "6": 0.8961835884080179
  },
  "d1e8ac8fd1cc_kyodokenkyuyoushiki06": {
    "1": 0.7102523404432622,
    "2": 0.9668703934298911
  },
  "15076df085f5_tokumei_08_09": {
    "1": 0.7126285060659637
  },
  "ed025cbecffb_index-23": {
    "6": 0.7145465380826227,
    "8": 0.7228815381992582,
    "2": 0.7323455422541024,
    "4": 0.7385734269079768,
    "5": 0.7606934995523048,
    "11": 0.776282296768135,
    "13": 0.779272016667664,
    "9": 0.7936172580283906,
    "3": 0.7986741952383497,
    "7": 0.8106303476792315,
    "12": 0.810706599988766,
    "1": 0.8219109827003003,
    "14": 0.8341267435429671,
    "15": 0.8578936702816201,
    "16": 0.8635177771882505,
    "10": 0.8825786637031555
  },
  "3a4f9fbe1a83_001620506": {
    "3": 0.7149138728365575,
    "4": 0.7765372853978074,
    "2": 0.8599779913750107,
    "5": 0.8883121527317238,
    "8": 0.8974509068643249,
    "7": 0.9226747670904812,
    "6": 0.9255229156182369,
    "1": 0.9759604367340694
  },
  "de6e32b5960b_tokumei_08_01-1": {
    "7": 0.7156655523708966,
    "1": 0.7236208184335678,
    "5": 0.7568371146577534,
    "4": 0.7579064460701376,
    "6": 0.8270306985463524,
    "3": 0.8288373985051396,
    "2": 0.837323571331298
  },
  "gen2_007_\u696d\u52d9\u6539\u5584\u63d0\u6848\u66f8": {
    "2": 0.7159707149991243,
    "1": 0.877475564704783,
    "3": 0.9668464037079323
  },
  "db9ca18368cd_20241122_resource_open_data_01": {
    "2": 0.7188072415356027,
    "3": 0.7408498049846751,
    "1": 0.8172615271642872
  },
  "31420af1a08f_tokumei_08_07": {
    "2": 0.7234410812484948,
    "1": 0.8071006011740636
  },
  "bd90b00ab7a7_order_05": {
    "1": 0.7307957449731287,
    "2": 0.8294175137222496
  },
  "c7b923e5c616_20240705_resources_data_outline_06": {
    "2": 0.7490806316770534,
    "1": 0.7638252702089249,
    "3": 0.8089023973480374
  },
  "a47e6c6b2ca1_order_08": {
    "1": 0.7540096939262311
  },
  "gen2_024_\u30c6\u30ec\u30ef\u30fc\u30af\u898f\u7a0b": {
    "2": 0.8060228455840744,
    "1": 0.9547711216532733,
    "3": 0.9690285976069669
  },
  "test_widow": {
    "1": 0.8155266054204722,
    "2": 0.8299885197366105,
    "3": 0.9866683964166115
  },
  "gen2_036_\u65b0\u5165\u793e\u54e1\u30ac\u30a4\u30c9": {
    "1": 0.8179504255279628,
    "2": 0.9625781280010045
  },
  "gen2_054_Audit_Report": {
    "1": 0.8214472480006719,
    "2": 0.8615633867283213
  },
  "gen2_018_\u9867\u5ba2\u6e80\u8db3\u5ea6\u8abf\u67fb\u5831\u544a": {
    "2": 0.8270656573028351,
    "1": 0.9531631304914879
  },
  "b5f706e9f6ad_kyodokenkyuyoushiki_bessi": {
    "2": 0.8310004936434982,
    "1": 0.8349665347147409
  },
  "gen2_060_Employee_Agreement": {
    "1": 0.8311066503882897,
    "2": 0.9528932937758628
  },
  "gen2_067_SLA_Template": {
    "1": 0.8388807999722977,
    "2": 0.9703165344702352
  },
  "test_line_heights": {
    "4": 0.8423213920567433,
    "5": 0.872637373270834,
    "3": 0.8873347401909847,
    "1": 0.9039567618284329,
    "2": 0.9071412115175455,
    "6": 0.9846286730410183
  },
  "gen2_041_Annual_Report": {
    "1": 0.8459293700975095,
    "2": 0.8704152656757701
  },
  "gen2_055_Risk_Management_Report": {
    "1": 0.8460546773384278,
    "2": 0.982218411064654
  },
  "gen2_058_Customer_Survey_Results": {
    "1": 0.850477010549171,
    "2": 0.952089060722634
  },
  "e8caed453f48_kyodokenkyuyoushiki07": {
    "1": 0.8525183327550044
  },
  "gen_tables": {
    "1": 0.8562605753870153
  },
  "gen2_068_SOW_Template": {
    "1": 0.862339460280646,
    "2": 0.9753678833264666
  },
  "gen2_052_Privacy_Policy": {
    "1": 0.8628578778760092
  },
  "gen_long": {
    "2": 0.8671740249288599,
    "1": 0.9003652410897818
  },
  "gen2_069_Change_Request_Form": {
    "1": 0.8681667792920734,
    "2": 0.9744460386233936
  },
  "gen2_026_\u526f\u696d_\u517c\u696d\u898f\u7a0b": {
    "1": 0.868424467721511,
    "2": 0.9237609374620718
  },
  "191cb5254cb2_tokumei_08_10": {
    "1": 0.8690399841718568
  },
  "gen2_077_API_Documentation": {
    "1": 0.8700791194123988,
    "2": 0.9600957346523028
  },
  "gen2_048_Quality_Report": {
    "1": 0.870156979512966
  },
  "gen2_012_\u500b\u4eba\u60c5\u5831\u4fdd\u8b77\u65b9\u91dd": {
    "1": 0.8774801775392166,
    "2": 0.9779314574347354
  },
  "gen2_023_\u80b2\u5150\u4f11\u696d\u898f\u7a0b": {
    "1": 0.8777435285377145,
    "2": 0.9847094709744351
  },
  "gen2_021_\u7d66\u4e0e\u898f\u7a0b": {
    "2": 0.8782751508531964,
    "1": 0.962316875969241
  },
  "f16f228aecde_kyodokenkyuyoushiki08": {
    "1": 0.8786870000986967
  },
  "gen2_064_Terms_of_Service": {
    "1": 0.8805418618627984,
    "2": 0.9680114609940617
  },