{
  "b837808d0555_20240705_resources_data_guideline_02": {
    "7": 0.0,
    "4": 0.5731134754790355,
    "3": 0.5870495457504187,
    "5": 0.5892335853632791,
    "1": 0.624844723670032,
    "2": 0.6270827402910388,
    "6": 0.710823584014601
  },
  "e3c545fac7a7_LOD_Handbook": {
    "12": 0.0,
    "7": 0.691783406197669,
    "4": 0.6999831867684149,
    "9": 0.7020192601177935,
    "6": 0.7157856442902241,
    "8": 0.7251818856388536,
    "2": 0.7303349277917152,
    "11": 0.7335642265717773,
    "5": 0.734419106228665,
    "3": 0.7373984478826311,
    "10": 0.7563553844078426,
    "1": 0.8256655183255397
  },
  "0e7af1ae8f21_20230331_resources_open_data_contract_sample_00": {
    "7": 0.4703951257801578,
    "6": 0.47758738940686096,
    "5": 0.49921879413340847,
    "2": 0.5129831876390333,
    "3": 0.5142918910142144,
    "4": 0.5170005822508142,
    "10": 0.7984719682351114,
    "8": 0.9134575421545884,
    "1": 0.9413964516520452,
    "9": 0.9701101720606508
  },
  "683ffcab86e2_20230331_resources_open_data_contract_addon_00": {
    "2": 0.4708958293801178,
    "1": 0.5901410443169955,
    "3": 0.9123979034525037
  },
  "d77a58485f16_20240705_resources_data_outline_08": {
    "2": 0.5717292512341619,
    "6": 0.5925232888118975,
    "5": 0.6063061913419302,
    "7": 0.6192068281477684,
    "3": 0.6201296501751624,
    "4": 0.6219472459405327,
    "9": 0.6220982387941784,
    "8": 0.6258428382204376,
    "10": 0.635990529641057,
    "1": 0.6715720318090693,
    "11": 0.7674231695285328,
    "12": 0.7877529207120256
  },
  "1ec1091177b1_006": {
    "1": 0.596222515616404
  },
  "3a4f9fbe1a83_001620506": {
    "80": 0.6011237985809122,
    "58": 0.6459460297132414,
    "43": 0.6567379128157794,
    "36": 0.6544481482867378,
    "20": 0.6564859580342565,
    "81": 0.6839950005353247,
    "14": 0.6676599963472687,
    "72": 0.6721627651663226,
    "74": 0.6725393578414903,
    "34": 0.6781238357997014,
    "75": 0.6826135816712554,
    "71": 0.683517741271963,
    "62": 0.6889975595418613,
    "83": 0.6902389825748744,
    "60": 0.6909883175338969,
    "46": 0.6926130580531572,
    "4": 0.6935496942113804,
    "61": 0.6946592989860942,
    "91": 0.7031414577642213,
    "86": 0.7035025278562634,
    "67": 0.7036745669770731,
    "44": 0.7042833756397555,
    "41": 0.70594401919339,
    "33": 0.7073718776393226,
    "70": 0.7078627491497805,
    "87": 0.7089352889948065,
    "92": 0.7094905558002785,
    "24": 0.7095864089580856,
    "40": 0.7108175687748788,
    "45": 0.7183857337418192,
    "78": 0.7193716091037676,
    "51": 0.7259015855413988,
    "57": 0.7260279303232031,
    "23": 0.7262457914305506,
    "79": 0.7271168417093347,
    "66": 0.7271787980023824,
    "63": 0.730572141373606,
    "77": 0.7321261536776037,
    "93": 0.7330775837839242,
    "3": 0.7341118439856628,
    "73": 0.7356624688874266,
    "76": 0.7361608383532542,
    "48": 0.7366715378842575,
    "64": 0.7367850933266468,
    "25": 0.7377234087495063,
    "59": 0.7382877036684278,
    "38": 0.7399830427598203,
    "88": 0.7434654988642396,
    "32": 0.7432347127591781,
    "18": 0.7437375097405826,
    "26": 0.7458782937251339,
    "68": 0.7463493087461147,
    "27": 0.7470004853471085,
    "37": 0.7545769289119851,
    "85": 0.7549663013606263,
    "35": 0.7557218383957482,
    "13": 0.7564060391790385,
    "11": 0.7572669121845439,
    "31": 0.7579516747738051,
    "47": 0.7636195960630813,
    "19": 0.7644720541979999,
    "42": 0.7657131770624787,
    "55": 0.7710346784220373,
    "30": 0.7752332622353899,
    "84": 0.7734943003075193,
    "50": 0.7753809470131233,
    "69": 0.7771791245018896,
    "10": 0.7809683891276142,
    "21": 0.78171159765294,
    "28": 0.791663360118382,
    "53": 0.7820413103331817,
    "49": 0.7824286567554738,
    "12": 0.7849697030463026,
    "17": 0.7917074673658983,
    "82": 0.7935593746580828,
    "54": 0.7955488408147953,
    "94": 0.7974428247622231,
    "52": 0.7978655970992191,
    "65": 0.8024859155158048,
    "5": 0.8057831682341936,
    "22": 0.8120040678218876,
    "90": 0.8143951999878191,
    "56": 0.8168470519706269,
    "16": 0.8261171176438221,
    "29": 0.8306302975417533,
    "2": 0.8367953617782581,
    "15": 0.84211773518507,
    "8": 0.8689649441387117,
    "7": 0.8701743584924864,
    "6": 0.8810256556442778,
    "39": 0.8823220432677671,
    "89": 0.9065238399315199,
    "9": 0.9285819097365705,
    "1": 0.9707723005916719
  },
  "b35123fe8efc_tokumei_08_01": {
    "1": 0.629965735216886,
    "2": 0.7177675476010436
  },
  "2ea81a8441cc_0025006-192": {
    "2": 0.6411149745714274,
    "1": 0.7796196891994748
  },
  "c7b923e5c616_20240705_resources_data_outline_06": {
    "2": 0.645756484341109,
    "1": 0.6724044215218606,
    "3": 0.7292432604551825
  },
  "04b88e7e0b25_index-19": {
    "3": 0.6618142523275691,
    "4": 0.7219904873481905,
    "2": 0.7455398121773595,
    "1": 0.8631414384960094,
    "5": 0.9782263345803656
  },
  "db9ca18368cd_20241122_resource_open_data_01": {
    "2": 0.6672523381396459,
    "3": 0.7040222782832316,
    "1": 0.7582056681016462
  },
  "test_widow": {
    "2": 0.673299905477565,
    "1": 0.7716176121166388,
    "3": 0.9766097383608449
  },
  "34140b9c5662_index-14": {
    "5": 0.6779623507570568,
    "4": 0.7008624449148423,
    "2": 0.6941988168491507,
    "3": 0.7221640554913612,
    "6": 0.7964211287236167,
    "1": 0.8376262565731891
  },
  "d4d126dfe1d9_tokumei_08_01-3": {
    "7": 0.6801641882441242,
    "4": 0.7345279801727628,
    "5": 0.7384845740033876,
    "1": 0.754107286553753,
    "6": 0.7703976740861259,
    "3": 0.8344723461931478,
    "2": 0.9026775919260174
  },
  "6514f214e482_tokumei_08_01-2": {
    "7": 0.6822905527137744,
    "1": 0.7426174762673746,
    "4": 0.7739981145856657,
    "6": 0.7702135247620229,
    "5": 0.7741596336751564,
    "3": 0.8114908487409346,
    "2": 0.8675487650736722
  },
  "1636d28e2c46_tokumei_08_04": {
    "1": 0.6950612612395742,
    "2": 0.8640558255396606
  },
  "ed025cbecffb_index-23": {
    "3": 0.7002859684517766,
    "6": 0.7016947768962366,
    "8": 0.7181955247929772,
    "2": 0.7283939037731836,
    "4": 0.7582437210611975,
    "5": 0.759983583579451,
    "11": 0.7642426058604324,
    "13": 0.7850902364261646,
    "15": 0.7956183744957098,
    "9": 0.8024288979284658,
    "7": 0.8125545501592817,
    "1": 0.8130662758728979,
    "14": 0.82052077654884,
    "16": 0.8590268337473251,
    "10": 0.8830250820439934,
    "12": 0.8941735871702524
  },
  "459f05f1e877_kyodokenkyuyoushiki01": {
    "2": 0.6987339042064039,
    "1": 0.7878088399036437,
    "3": 0.8546867958211489
  },
  "31420af1a08f_tokumei_08_07": {
    "2": 0.705469500995878,
    "1": 0.8036323080527784
  },
  "15076df085f5_tokumei_08_09": {
    "1": 0.7061122968833473
  },
  "d1e8ac8fd1cc_kyodokenkyuyoushiki06": {
    "1": 0.7075288419972986,
    "2": 0.9493552117710573
  },
  "de6e32b5960b_tokumei_08_01-1": {
    "1": 0.7149632070559497,
    "7": 0.7220306784285667,
    "5": 0.7567025437899629,
    "4": 0.756801694104572,
    "6": 0.8262753949219549,
    "3": 0.8278210303611786,
    "2": 0.831632811810041
  },
  "bd90b00ab7a7_order_05": {
    "1": 0.722608585704335,
    "2": 0.81475170028345
  },
  "29dc6e8943fe_order_01": {
    "5": 0.7264363787450568,
    "3": 0.7585115210918634,
    "6": 0.7570620627090993,
    "2": 0.8111975880226957,
    "4": 0.8160986599450449,
    "1": 0.9544888606357077
  },
  "a1d6e4efa2e7_tokumei_08_01-4": {
    "1": 0.7376671816375463,
    "4": 0.7487014141876432,
    "7": 0.7618984069983377,
    "5": 0.779813016738588,
    "6": 0.7888636115172566,
    "3": 0.8361968251365656,
    "2": 0.8821188013081961
  },
  "b5f706e9f6ad_kyodokenkyuyoushiki_bessi": {
    "1": 0.7490359041344078,
    "2": 0.7632655567693879
  },
  "a47e6c6b2ca1_order_08": {
    "1": 0.7509535575238507
  },
  "gen2_054_Audit_Report": {
    "1": 0.8406618012761443,
    "2": 0.8721903375281443
  },
  "gen_long": {
    "1": 0.7889460034927471,