{
  "0e7af1ae8f21_20230331_resources_open_data_contract_sample_00": {
    "6": 0.46383454573802957,
    "7": 0.47739891883943536,
    "5": 0.5124422541225235,
    "2": 0.545890921143803,
    "3": 0.6239479583563509,
    "4": 0.6361145173036853,
    "10": 0.793735341784961,
    "8": 0.9160017058563007,
    "1": 0.9262450236611462,
    "9": 0.965086065092453
  },
  "683ffcab86e2_20230331_resources_open_data_contract_addon_00": {
    "2": 0.5734818378310328,
    "1": 0.6202928324056067,
    "3": 0.9363322629279666
  },
  "b837808d0555_20240705_resources_data_guideline_02": {
    "4": 0.5847341820279225,
    "3": 0.6080531114582716,
    "5": 0.6247146840688022,
    "6": 0.6316318671108943,
    "1": 0.6788926510653376,
    "2": 0.6834426382132649,
    "7": 0.7928985626226114
  },
  "1ec1091177b1_006": {
    "1": 0.5938653837306084
  },
  "d77a58485f16_20240705_resources_data_outline_08": {
    "9": 0.5986596383498175,
    "7": 0.6100626445215244,
    "2": 0.6149641700883209,
    "6": 0.6200968602975122,
    "8": 0.6487962401058119,
    "3": 0.6493361834772798,
    "5": 0.6510223433460233,
    "4": 0.659673946354875,
    "10": 0.6789673209950747,
    "1": 0.712023354714676,
    "11": 0.777586423570905,
    "12": 0.7878498033798719
  },
  "b35123fe8efc_tokumei_08_01": {
    "1": 0.6360358604644615,
    "2": 0.6929984324290915
  },
  "2ea81a8441cc_0025006-192": {
    "2": 0.6373335650043702,
    "1": 0.7779569181912757
  },
  "d4d126dfe1d9_tokumei_08_01-3": {
    "5": 0.6606937094878219,
    "4": 0.7058364860056354,
    "7": 0.7415601385949532,
    "1": 0.7754508453121535,
    "6": 0.7926259263260033,
    "3": 0.842088266637433,
    "2": 0.8512030828141374
  },
  "db9ca18368cd_20241122_resource_open_data_01": {
    "2": 0.6624729598811471,
    "3": 0.6936063811142894,
    "1": 0.7582201346797888
  },
  "e3c545fac7a7_LOD_Handbook": {
    "11": 0.6644920862171718,
    "4": 0.6674762175124416,
    "9": 0.6999714635423727,
    "7": 0.7029761992956466,
    "6": 0.7064749958784319,
    "8": 0.7090574970351634,
    "10": 0.7577052145382913,
    "2": 0.763242362693556,
    "5": 0.7717261081348372,
    "3": 0.7900443735048929,
    "1": 0.8159910869924846,
    "12": 0.9640040910881735
  },
  "34140b9c5662_index-14": {
    "5": 0.6793541706188225,
    "2": 0.7103956963013697,
    "4": 0.7110618256072235,
    "3": 0.7180097965960878,
    "6": 0.7716331521333997,
    "1": 0.8442418804537138
  },
  "459f05f1e877_kyodokenkyuyoushiki01": {
    "2": 0.6845396012930612,
    "1": 0.7806855218344558,
    "3": 0.8536028742503761
  },
  "6514f214e482_tokumei_08_01-2": {
    "5": 0.6847562990096315,
    "1": 0.7186260153695976,
    "7": 0.7592941299069511,
    "4": 0.7621744642696533,
    "6": 0.7817885959987311,
    "2": 0.8281713803866051,
    "3": 0.8305274725157358
  },
  "a1d6e4efa2e7_tokumei_08_01-4": {
    "5": 0.6944957416398553,
    "1": 0.7162348749650821,
    "7": 0.7226007727352776,
    "4": 0.757725838714785,
    "3": 0.8273964751625843,
    "2": 0.8582847899259124,
    "6": 0.9070994483125969
  },
  "04b88e7e0b25_index-19": {
    "3": 0.6947001821128325,
    "4": 0.7114108793538113,
    "2": 0.7380750998580491,
    "1": 0.8682123789689012,
    "5": 0.9532438776782329
  },
  "bd90b00ab7a7_order_05": {
    "1": 0.6966472841605972,
    "2": 0.8401932812150649
  },
  "1636d28e2c46_tokumei_08_04": {
    "1": 0.7044200191182007,
    "2": 0.8771572543902358
  },
  "ed025cbecffb_index-23": {
    "6": 0.7047533080105609,
    "8": 0.7267113889091585,
    "3": 0.7283515268965733,
    "2": 0.7288731995077379,
    "13": 0.7535382373671413,
    "5": 0.754602457120502,
    "11": 0.7634002044052864,
    "4": 0.774823345937227,
    "9": 0.79683361552035,
    "12": 0.7977842771046005,
    "15": 0.8023520438883113,
    "7": 0.8122748835167891,
    "1": 0.8161631820313402,
    "16": 0.859432965413602,
    "14": 0.8740780344943935,
    "10": 0.8832997954658556
  },
  "15076df085f5_tokumei_08_09": {
    "1": 0.7057522046716495
  },
  "d1e8ac8fd1cc_kyodokenkyuyoushiki06": {
    "1": 0.7084359181737052,
    "2": 0.9508032477885574
  },
  "de6e32b5960b_tokumei_08_01-1": {
    "1": 0.7125854167665532,
    "7": 0.7142537565364844,
    "5": 0.7543339663786247,
    "4": 0.7545047191058649,
    "6": 0.8246761709339552,
    "3": 0.82600676791026,
    "2": 0.8381554492794671
  },
  "31420af1a08f_tokumei_08_07": {
    "2": 0.7182503821825605,
    "1": 0.813186870130246
  },
  "c7b923e5c616_20240705_resources_data_outline_06": {
    "2": 0.7227588186633017,
    "1": 0.7368703527863211,
    "3": 0.7789102385123665
  },
  "29dc6e8943fe_order_01": {
    "5": 0.7298904852006608,
    "3": 0.7394186436486357,
    "6": 0.7629458036739388,
    "2": 0.818513266545782,
    "4": 0.8279723833944673,
    "1": 0.9630116975368538
  },
  "a47e6c6b2ca1_order_08": {
    "1": 0.7502398858632394
  },
  "b5f706e9f6ad_kyodokenkyuyoushiki_bessi": {
    "1": 0.7708601515081986,
    "2": 0.7831143559653314
  },
  "gen2_054_Audit_Report": {
    "1": 0.7864501102294325,
    "2": 0.7945601910184291
  },
  "gen2_007_\u696d\u52d9\u6539\u5584\u63d0\u6848\u66f8": {
    "2": 0.7925826435963934,
    "1": 0.8252995080610933,
    "3": 0.9791152584658387
  },
  "gen2_036_\u65b0\u5165\u793e\u54e1\u30ac\u30a4\u30c9": {
    "1": 0.7928891058935549,
    "2": 0.9428004435243772
  },
  "gen2_024_\u30c6\u30ec\u30ef\u30fc\u30af\u898f\u7a0b": {
    "2": 0.7957226455590112,
    "1": 0.8912324432976234,
    "3": 0.9717248730854723
  },
  "gen2_037_\u7ba1\u7406\u8077\u30cf\u30f3\u30c9\u30d6\u30c3\u30af": {
    "1": 0.8071048271144562,
    "2": 0.922941151815404
  },
  "gen2_032_\u7d4c\u8cbb\u7cbe\u7b97\u30de\u30cb\u30e5\u30a2\u30eb": {
    "2": 0.8139728166385325,
    "1": 0.8412795401966878
  },
  "gen2_019_\u793e\u5185\u898f\u7a0b\u96c6": {
    "1": 0.8202568972050749,
    "2": 0.9358377869073174
  },
  "gen2_050_Disaster_Plan": {
    "2": 0.8204198940039457,
    "1": 0.8814932716696443
  },
  "fded6867fcbc_index-15": {
    "1": 0.8228362827260258
  },
  "gen2_060_Employee_Agreement": {
    "1": 0.8275826048290886,
    "2": 0.961499796880446
  },
  "gen2_025_\u30cf\u30e9\u30b9\u30e1\u30f3\u30c8\u9632\u6b62\u898f\u7a0b": {
    "1": 0.8279248818264873,
    "2": 0.9776060310057934
  },
  "gen2_021_\u7d66\u4e0e\u898f\u7a0b": {
    "2": 0.8310009295484112,
    "1": 0.8956233725597866
  },
  "gen2_035_\u96fb\u8a71\u5bfe\u5fdc\u30de\u30cb\u30e5\u30a2\u30eb": {
    "1": 0.8312705609561126,
    "2": 0.9629144340101302
  },
  "gen2_012_\u500b\u4eba\u60c5\u5831\u4fdd\u8b77\u65b9\u91dd": {
    "1": 0.8357200620536848,
    "2": 0.960542716275932
  },
  "gen2_068_SOW_Template": {
    "1": 0.8364564928937012,
    "2": 0.9859330593114536
  },
  "cb8be715d839_kyodokenkyuyoushiki03": {
    "1": 0.8371170840682883,
    "2": 0.9684922705010114
  },
  "gen2_052_Privacy_Policy": {
    "1": 0.8388165765295902
  },
  "test_line_heights": {
    "4": 0.8395027057913133,
    "5": 0.8742633367127496,
    "3": 0.8903639647916108,
    "2": 0.9367266734304809,
    "1": 0.9454287179424048,
    "6": 0.9824905684220279
  },
  "gen2_020_\u5c31\u696d\u898f\u5247": {
    "1": 0.8407935024986338,
    "2": 0.9255812683957295
  },
  "gen2_023_\u80b2\u5150\u4f11\u696d\u898f\u7a0b": {
    "1": 0.8421066965016649,
    "2": 0.9205848128013909
  },
  "gen2_077_API_Documentation": {
    "1": 0.8428561740992292,
    "2": 0.8744893907284442
  },
  "gen2_027_\u61f2\u6212\u898f\u7a0b": {
    "1": 0.8445127602502113
  },
  "gen2_014_\u5185\u90e8\u76e3\u67fb\u5831\u544a\u66f8": {
    "1": 0.8502493982858305,
    "2": 0.9321651295122274
  },
  "gen2_074_Test_Plan": {
    "1": 0.8546682241323776,
    "2": 0.9795586140337518
  },
  "gen2_010_\u9632\u707d\u8a08\u753b\u66f8": {
    "2": 0.8554103059728133,
    "1": 0.8644320528143431
  },
  "gen2_041_Annual_Report": {
    "1": 0.8561753417207291,
    "2": 0.8912935822810281
  },
  "gen2_033_\u53d7\u6ce8\u7ba1\u7406\u30de\u30cb\u30e5\u30a2\u30eb": {
    "1": 0.8567571159148505
  },