{
  "d77a58485f16_20240705_resources_data_outline_08": {
    "7": 0.6267669774496561,
    "9": 0.5998579192279668,
    "8": 0.6592062477746267,
    "10": 0.7023947218499204,
    "5": 0.7925015896699703,
    "11": 0.792336720675093,
    "4": 0.81093837935865,
    "3": 0.832135913379652,
    "1": 0.8341060127546788,
    "2": 0.8255616575500077,
    "6": 0.8631405567533764,
    "12": 0.9656060899073604
  },
  "b837808d0555_20240705_resources_data_guideline_02": {
    "6": 0.6450218698272091,
    "5": 0.6452758437912625,
    "4": 0.6521970923606215,
    "3": 0.67274593383548,
    "2": 0.6774052744345699,
    "1": 0.7607417920918262,
    "7": 0.8444365083148105
  },
  "e3c545fac7a7_LOD_Handbook": {
    "11": 0.6649176479038114,
    "9": 0.6862843196261137,
    "7": 0.6909818806396947,
    "4": 0.6996447220270703,
    "8": 0.699874420899608,
    "6": 0.6959415447712086,
    "2": 0.7241586477800684,
    "3": 0.7204978148041213,
    "10": 0.755451849938015,
    "5": 0.7655283149028206,
    "1": 0.8330327985597346,
    "12": 0.9390829739733367
  },
  "29dc6e8943fe_order_01": {
    "5": 0.6635602474112119,
    "2": 0.7280937765850178,
    "3": 0.8072884424753509,
    "4": 0.840648830971523,
    "6": 0.932828818136619,
    "1": 0.9690003252800636
  },
  "2ea81a8441cc_0025006-192": {
    "2": 0.6643299356047198,
    "1": 0.7786782335333196
  },
  "b35123fe8efc_tokumei_08_01": {
    "1": 0.6664159853023677,
    "2": 0.747920495210041
  },
  "1ec1091177b1_006": {
    "1": 0.6980130614343437
  },
  "04b88e7e0b25_index-19": {
    "3": 0.6673066161155958,
    "4": 0.7004740071787268,
    "2": 0.7713310942199412,
    "1": 0.8624472237378215,
    "5": 0.9117461417836555
  },
  "d4d126dfe1d9_tokumei_08_01-3": {
    "5": 0.6682715577895642,
    "4": 0.7008913162561964,
    "1": 0.7693144118952461,
    "6": 0.7760853471528639,
    "7": 0.7792610162335386,
    "3": 0.8356644144701333,
    "2": 0.8515410848120268
  },
  "34140b9c5662_index-14": {
    "5": 0.6710763629152584,
    "4": 0.7022923359402095,
    "3": 0.7108939567514639,
    "2": 0.751084797199828,
    "6": 0.7645189414643601,
    "1": 0.9138599338555969
  },
  "459f05f1e877_kyodokenkyuyoushiki01": {
    "2": 0.6804725493074946,
    "1": 0.7784687883384889,
    "3": 0.85563892039977
  },
  "6514f214e482_tokumei_08_01-2": {
    "5": 0.6891233149295332,
    "7": 0.6897072929084075,
    "1": 0.7078336034204517,
    "4": 0.765748415638635,
    "3": 0.8320219713070357,
    "2": 0.8322745850609331,
    "6": 0.8750501911368235
  },
  "db9ca18368cd_20241122_resource_open_data_01": {
    "2": 0.6903928321921627,
    "3": 0.722263722952706,
    "1": 0.7856115003991162
  },
  "1636d28e2c46_tokumei_08_04": {
    "1": 0.6922538321592223,
    "2": 0.8475567242008161
  },
  "a1d6e4efa2e7_tokumei_08_01-4": {
    "5": 0.698361648716474,
    "1": 0.7059317422899847,
    "7": 0.7187901731545674,
    "4": 0.7535723712674898,
    "3": 0.8301608093106397,
    "2": 0.863070714469638,
    "6": 0.8955699404243586
  },
  "3a4f9fbe1a83_001620506": {
    "3": 0.7054655336168123,
    "4": 0.8310619593242792,
    "2": 0.8877111996286488,
    "5": 0.9105937198051531,
    "8": 0.9249237980203794,
    "7": 0.9482563887979119,
    "6": 0.956564875196852,
    "1": 0.9868538691900155
  },
  "15076df085f5_tokumei_08_09": {
    "1": 0.7044216932817395
  },
  "ed025cbecffb_index-23": {
    "6": 0.7103961239391335,
    "2": 0.7260546415508857,
    "8": 0.7272328403785172,
    "4": 0.7458075401603791,
    "5": 0.7618159282964415,
    "11": 0.7748373416840869,
    "13": 0.7778540658568104,
    "9": 0.7859516815399115,
    "7": 0.8102204701725788,
    "12": 0.8144071284232174,
    "3": 0.8229768889228132,
    "14": 0.8347245045104611,
    "1": 0.860975309137959,
    "15": 0.8563403393089687,
    "16": 0.8607498106043113,
    "10": 0.8823584870381902
  },
  "gen2_007_\u696d\u52d9\u6539\u5584\u63d0\u6848\u66f8": {
    "2": 0.7123523394527328,
    "1": 0.8711181197293908,
    "3": 0.9666213410712308
  },
  "de6e32b5960b_tokumei_08_01-1": {
    "7": 0.7151851315114012,
    "1": 0.7208037486909159,
    "5": 0.7556635466208412,
    "4": 0.7564755672599425,
    "6": 0.8257400672221099,
    "3": 0.8260932184690345,
    "2": 0.8340232716551692
  },
  "31420af1a08f_tokumei_08_07": {
    "2": 0.7173799193611224,
    "1": 0.8061125606893998
  },
  "bd90b00ab7a7_order_05": {
    "1": 0.722697456820959,
    "2": 0.8284276771539503
  },
  "d1e8ac8fd1cc_kyodokenkyuyoushiki06": {
    "1": 0.7235375630892876,
    "2": 0.9553743092452466
  },
  "0e7af1ae8f21_20230331_resources_open_data_contract_sample_00": {
    "6": 0.7427540413398527,
    "2": 0.7525591899898189,
    "3": 0.7685445736595661,
    "4": 0.7725630646061576,
    "7": 0.7959843937958886,
    "5": 0.805476956841208,
    "10": 0.9131245671576909,
    "1": 0.9526170532816969,
    "9": 0.9690023136211151,
    "8": 0.9921012094001647
  },
  "a47e6c6b2ca1_order_08": {
    "1": 0.7511474573266028
  },
  "683ffcab86e2_20230331_resources_open_data_contract_addon_00": {
    "2": 0.7558296462871769,
    "1": 0.7591918503594424,
    "3": 0.9695443788644676
  },
  "test_widow": {
    "1": 0.771720892574479,
    "2": 0.7758339616881577,
    "3": 0.9815399348110819
  },
  "c7b923e5c616_20240705_resources_data_outline_06": {
    "1": 0.7971012036411382,
    "2": 0.8223657061149762,
    "3": 0.8410487146651361
  },
  "gen_long": {
    "1": 0.8034587658036628,
    "2": 0.8278926199494768
  },
  "gen2_036_\u65b0\u5165\u793e\u54e1\u30ac\u30a4\u30c9": {
    "1": 0.8210501896576781,
    "2": 0.9314056319684286
  },
  "gen2_024_\u30c6\u30ec\u30ef\u30fc\u30af\u898f\u7a0b": {
    "2": 0.8219669125439681,
    "1": 0.8837557344643994,
    "3": 0.9670933941246013
  },
  "gen2_054_Audit_Report": {
    "1": 0.826443602257347,
    "2": 0.8551632258697563
  },
  "b5f706e9f6ad_kyodokenkyuyoushiki_bessi": {
    "1": 0.8279232683701586,
    "2": 0.8620254829329496
  },
  "gen2_037_\u7ba1\u7406\u8077\u30cf\u30f3\u30c9\u30d6\u30c3\u30af": {
    "1": 0.8306095409876112,
    "2": 0.9411914148195054
  },
  "gen2_060_Employee_Agreement": {
    "1": 0.8374707823111827,
    "2": 0.9416612541851498
  },
  "fded6867fcbc_index-15": {
    "1": 0.8389783466160429
  },
  "gen2_077_API_Documentation": {
    "1": 0.8396267991359879,
    "2": 0.9486273071386598
  },
  "gen2_019_\u793e\u5185\u898f\u7a0b\u96c6": {
    "1": 0.8401110175799179,
    "2": 0.8875475364153846
  },
  "test_line_heights": {
    "4": 0.8435732052462495,
    "5": 0.8702631392290975,
    "3": 0.8869343633260053,
    "1": 0.8906500842815027,
    "2": 0.8987214232044329,
    "6": 0.9845233654927373
  },
  "gen2_041_Annual_Report": {
    "1": 0.8452222267797792,
    "2": 0.8664666770237505
  },
  "gen2_032_\u7d4c\u8cbb\u7cbe\u7b97\u30de\u30cb\u30e5\u30a2\u30eb": {
    "2": 0.8464403066961111,
    "1": 0.8678508058890005
  },
  "gen2_055_Risk_Management_Report": {
    "1": 0.8473000071253175,
    "2": 0.9763102766815264
  },
  "gen2_067_SLA_Template": {
    "1": 0.8514312154513722,
    "2": 0.9643226530112131
  },
  "gen2_012_\u500b\u4eba\u60c5\u5831\u4fdd\u8b77\u65b9\u91dd": {
    "1": 0.851611764003798,
    "2": 0.9579959561782876
  },
  "gen_tables": {
    "1": 0.8560166659587144
  },
  "gen2_010_\u9632\u707d\u8a08\u753b\u66f8": {
    "2": 0.8568105519226376,
    "1": 0.877190059719851
  },
  "gen2_068_SOW_Template": {
    "1": 0.8622836642810263,
    "2": 0.9661943350103979
  },
  "gen2_074_Test_Plan": {
    "1": 0.86499680386124,
    "2": 0.9751603902984681
  },
  "gen2_069_Change_Request_Form": {
    "1": 0.8652465478985095,
    "2": 0.9689722421642731
  },
  "gen2_058_Customer_Survey_Results": {
    "1": 0.865311953089082,
    "2": 0.9576706343666791
  },
  "gen2_020_\u5c31\u696d\u898f\u5247": {
    "1": 0.8662985959915374,
    "2": 0.9371646606150326
  },
  "gen2_013_\u30b3\u30f3\u30d7\u30e9\u30a4\u30a2\u30f3\u30b9\u7814\u4fee\u8cc7\u6599": {
    "1": 0.8666582596880291,
    "2": 0.910371138893758
  },