{
  "0e7af1ae8f21_20230331_resources_open_data_contract_sample_00": {
    "7": 0.46520372584568337,
    "6": 0.5741550028694777,
    "2": 0.5745400922884439,
    "5": 0.5996559536448876,
    "3": 0.6476062033301522,
    "4": 0.6536667518343774,
    "10": 0.7919334691127524,
    "1": 0.929749372407691,
    "9": 0.9600071217257681,
    "8": 0.9638418034335596
  },
  "b837808d0555_20240705_resources_data_guideline_02": {
    "4": 0.5686901493055684,
    "3": 0.597658482910014,
    "5": 0.6126151059321661,
    "6": 0.6169015196709532,
    "1": 0.6597910040112464,
    "2": 0.6665486157201641,
    "7": 0.7893581368408203
  },
  "683ffcab86e2_20230331_resources_open_data_contract_addon_00": {
    "2": 0.5843623598870371,
    "1": 0.6441059567500701,
    "3": 0.9351136933415652
  },
  "b35123fe8efc_tokumei_08_01": {
    "1": 0.5863005720588584,
    "2": 0.6804731577868077
  },
  "1ec1091177b1_006": {
    "1": 0.5879198504858149
  },
  "d77a58485f16_20240705_resources_data_outline_08": {
    "2": 0.6012941022999524,
    "6": 0.6063019931086159,
    "5": 0.6197544451290583,
    "4": 0.6333441182213068,
    "3": 0.6337403426003165,
    "8": 0.6422716405724226,
    "9": 0.6557326576758457,
    "7": 0.6670845060465691,
    "10": 0.6693917498840641,
    "1": 0.7014655230288093,
    "11": 0.7766000150430564,
    "12": 0.787311918711103
  },
  "2ea81a8441cc_0025006-192": {
    "2": 0.6436105537624504,
    "1": 0.7801241056610957
  },
  "e3c545fac7a7_LOD_Handbook": {
    "11": 0.6579104850121422,
    "4": 0.6672881474948295,
    "7": 0.6894230814579932,
    "9": 0.6934906978342844,
    "6": 0.6967738070914359,
    "3": 0.7187305520686174,
    "8": 0.7203817343227371,
    "2": 0.7268011305836853,
    "5": 0.7581926829688025,
    "10": 0.761416464644249,
    "1": 0.8297482870947436,
    "12": 0.9649724434246867
  },
  "d4d126dfe1d9_tokumei_08_01-3": {
    "5": 0.6607496065083743,
    "4": 0.705831224806455,
    "7": 0.7416043876703058,
    "1": 0.779187751977409,
    "6": 0.7926517018164709,
    "3": 0.842082243339224,
    "2": 0.8512147204765205
  },
  "29dc6e8943fe_order_01": {
    "5": 0.6638606374468655,
    "2": 0.7360317578267915,
    "3": 0.8103491153113378,
    "4": 0.8495097068836343,
    "6": 0.933251788103883,
    "1": 0.9476814401246384
  },
  "34140b9c5662_index-14": {
    "5": 0.6830679806836133,
    "4": 0.689238234796734,
    "3": 0.7198255854466916,
    "2": 0.7353245494169985,
    "6": 0.8085458074272033,
    "1": 0.8618674926414099
  },
  "459f05f1e877_kyodokenkyuyoushiki01": {
    "2": 0.6849378722640953,
    "1": 0.7804571820399183,
    "3": 0.8536028742503761
  },
  "6514f214e482_tokumei_08_01-2": {
    "5": 0.685193469535358,
    "1": 0.7214714849262597,
    "7": 0.759262957748773,
    "4": 0.7653490561566739,
    "6": 0.7806470938395966,
    "2": 0.8313316652899566,
    "3": 0.8350372353380034
  },
  "ed025cbecffb_index-23": {
    "6": 0.6986515791375866,
    "3": 0.7154008923902255,
    "8": 0.7182613136650228,
    "2": 0.7468842762425275,
    "5": 0.7549731314100964,
    "13": 0.7636992636440137,
    "11": 0.7690136260975226,
    "4": 0.7968168982470781,
    "9": 0.7970979048336918,
    "12": 0.7994848523205441,
    "15": 0.8004931093851466,
    "7": 0.81255875003924,
    "1": 0.8174068622730818,
    "16": 0.8560587375469969,
    "14": 0.8741737447604551,
    "10": 0.8834885018302975
  },
  "a1d6e4efa2e7_tokumei_08_01-4": {
    "5": 0.6990509959049288,
    "1": 0.7189640504630047,
    "7": 0.722630127975639,
    "4": 0.7602853739500052,
    "3": 0.832092634720223,
    "2": 0.8627870285047469,
    "6": 0.9060135740572791
  },
  "db9ca18368cd_20241122_resource_open_data_01": {
    "2": 0.7089433147362297,
    "3": 0.7354769846623785,
    "1": 0.8066853030227682
  },
  "15076df085f5_tokumei_08_09": {
    "1": 0.7091986664310813
  },
  "bd90b00ab7a7_order_05": {
    "1": 0.7136654301857718,
    "2": 0.834713901066098
  },
  "de6e32b5960b_tokumei_08_01-1": {
    "7": 0.715634960062407,
    "1": 0.7290113664321055,
    "5": 0.757920045053534,
    "4": 0.7587313884914476,
    "6": 0.8285419678684716,
    "3": 0.8306297681103328,
    "2": 0.8485844740915497
  },
  "04b88e7e0b25_index-19": {
    "3": 0.7166010887967343,
    "2": 0.7383396982950391,
    "4": 0.7739679822120874,
    "1": 0.8677883944382568,
    "5": 0.9788695247954773
  },
  "3a4f9fbe1a83_001620506": {
    "3": 0.7198704795087748,
    "4": 0.7694505836041966,
    "2": 0.830035777055041,
    "8": 0.8844641664994434,
    "5": 0.8844774807775058,
    "6": 0.8957784592431314,
    "7": 0.8960471728856773,
    "1": 0.9699584979595252
  },
  "31420af1a08f_tokumei_08_07": {
    "2": 0.720422756998743,
    "1": 0.8092965130287254
  },
  "1636d28e2c46_tokumei_08_04": {
    "1": 0.7246364211507904,
    "2": 0.8811157854117679
  },
  "d1e8ac8fd1cc_kyodokenkyuyoushiki06": {
    "1": 0.7250799258362672,
    "2": 0.9503233963506469
  },
  "gen2_007_\u696d\u52d9\u6539\u5584\u63d0\u6848\u66f8": {
    "2": 0.7258084874027633,
    "1": 0.844417450833908,
    "3": 0.9671528930070871
  },
  "c7b923e5c616_20240705_resources_data_outline_06": {
    "2": 0.7434462570493013,
    "1": 0.7532840885466272,
    "3": 0.7557839554187571
  },
  "a47e6c6b2ca1_order_08": {
    "1": 0.7436214628991843
  },
  "b5f706e9f6ad_kyodokenkyuyoushiki_bessi": {
    "2": 0.761996308815213,
    "1": 0.763156018706284
  },
  "fded6867fcbc_index-15": {
    "1": 0.823155602429277
  },
  "gen2_024_\u30c6\u30ec\u30ef\u30fc\u30af\u898f\u7a0b": {
    "2": 0.8236368980598101,
    "1": 0.9073898967746542,
    "3": 0.9764267058832573
  },
  "gen2_037_\u7ba1\u7406\u8077\u30cf\u30f3\u30c9\u30d6\u30c3\u30af": {
    "1": 0.8275863498110131,
    "2": 0.943896540099919
  },
  "gen2_018_\u9867\u5ba2\u6e80\u8db3\u5ea6\u8abf\u67fb\u5831\u544a": {
    "2": 0.8287495626884077,
    "1": 0.8925242892554645
  },
  "cb8be715d839_kyodokenkyuyoushiki03": {
    "1": 0.8310581890506512,
    "2": 0.9708717143075521
  },
  "gen2_050_Disaster_Plan": {
    "2": 0.8342088952742835,
    "1": 0.9026650177218508
  },
  "gen2_060_Employee_Agreement": {
    "1": 0.8362288478693806,
    "2": 0.961499796880446
  },
  "gen2_032_\u7d4c\u8cbb\u7cbe\u7b97\u30de\u30cb\u30e5\u30a2\u30eb": {
    "2": 0.8384580614374694,
    "1": 0.8603093340750657
  },
  "test_line_heights": {
    "4": 0.839126971496965,
    "5": 0.8746743103784698,
    "3": 0.89004724416165,
    "2": 0.9311828431423849,
    "1": 0.9454287179424048,
    "6": 0.9824905684220279
  },
  "gen2_036_\u65b0\u5165\u793e\u54e1\u30ac\u30a4\u30c9": {
    "1": 0.8462315800143131,
    "2": 0.9428004435243772
  },
  "gen2_067_SLA_Template": {
    "1": 0.8466472980880582,
    "2": 0.9763839321701614
  },
  "gen2_019_\u793e\u5185\u898f\u7a0b\u96c6": {
    "1": 0.847997001143482,
    "2": 0.8937253700832507
  },
  "gen2_013_\u30b3\u30f3\u30d7\u30e9\u30a4\u30a2\u30f3\u30b9\u7814\u4fee\u8cc7\u6599": {
    "1": 0.8523057398269901,
    "2": 0.9131219370602315
  },
  "gen2_055_Risk_Management_Report": {
    "1": 0.8548852295995717,
    "2": 0.989711318068793
  },
  "gen2_026_\u526f\u696d_\u517c\u696d\u898f\u7a0b": {
    "1": 0.8564686091765399,
    "2": 0.9282812588037249
  },
  "gen2_012_\u500b\u4eba\u60c5\u5831\u4fdd\u8b77\u65b9\u91dd": {
    "1": 0.8593224745626293,
    "2": 0.960542716275932
  },
  "gen2_027_\u61f2\u6212\u898f\u7a0b": {
    "1": 0.8608385739060972
  },
  "gen2_031_\u6587\u66f8\u7ba1\u7406\u898f\u7a0b": {
    "1": 0.8610135484237325
  },
  "gen2_041_Annual_Report": {
    "1": 0.8620276713121066,
    "2": 0.8939430770034714
  },
  "gen2_020_\u5c31\u696d\u898f\u5247": {
    "1": 0.8628650538787145,
    "2": 0.9077121041138656
  },
  "gen2_025_\u30cf\u30e9\u30b9\u30e1\u30f3\u30c8\u9632\u6b62\u898f\u7a0b": {
    "1": 0.8639739023709252,
    "2": 0.9776060310057934
  },
  "gen2_014_\u5185\u90e8\u76e3\u67fb\u5831\u544a\u66f8": {
    "1": 0.8643855785180529,
    "2": 0.9321651295122274
  },
  "gen2_035_\u96fb\u8a71\u5bfe\u5fdc\u30de\u30cb\u30e5\u30a2\u30eb": {
    "1": 0.864970497372947,
    "2": 0.9629144340101302
  },