{
  "0e7af1ae8f21_20230331_resources_open_data_contract_sample_00": {
    "7": 0.4647583880873782,
    "2": 0.5586405727468763,
    "6": 0.5765466297497436,
    "5": 0.5933756566946254,
    "3": 0.6327875782516522,
    "4": 0.6383706371846015,
    "10": 0.7938271611138846,
    "1": 0.928994853253207,
    "8": 0.9637326978607099,
    "9": 0.9651488535661841
  },
  "683ffcab86e2_20230331_resources_open_data_contract_addon_00": {
    "2": 0.581211164111875,
    "1": 0.6288441453180821,
    "3": 0.9375341926271382
  },
  "b837808d0555_20240705_resources_data_guideline_02": {
    "4": 0.5867810644527611,
    "3": 0.6096970534504038,
    "5": 0.626259311672185,
    "6": 0.6331055176713881,
    "1": 0.6860351211633446,
    "2": 0.6910942266311841,
    "7": 0.793772701829497
  },
  "1ec1091177b1_006": {
    "1": 0.5948256757489263
  },
  "d77a58485f16_20240705_resources_data_outline_08": {
    "9": 0.5989772586491915,
    "7": 0.6127741762296292,
    "2": 0.6150588225405089,
    "6": 0.6201868471893338,
    "5": 0.648545362393891,
    "8": 0.6486461750465606,
    "3": 0.6486775006315456,
    "4": 0.6573800672658467,
    "10": 0.67894272013965,
    "1": 0.7161273660071368,
    "11": 0.7775720202648108,
    "12": 0.7872128439126342
  },
  "b35123fe8efc_tokumei_08_01": {
    "1": 0.6379792152873942,
    "2": 0.6943115677743762
  },
  "2ea81a8441cc_0025006-192": {
    "2": 0.6419505160007133,
    "1": 0.7801589378573873
  },
  "3a4f9fbe1a83_001620506": {
    "4": 0.642417817708918,
    "3": 0.7525778751935429,
    "2": 0.7672766579836438,
    "5": 0.808308608834587,
    "8": 0.8358107059234,
    "7": 0.8371123745693204,
    "6": 0.8603990714226262,
    "1": 0.9711399796205794
  },
  "d4d126dfe1d9_tokumei_08_01-3": {
    "5": 0.6606937094878219,
    "4": 0.7058364860056354,
    "7": 0.7415601385949532,
    "1": 0.7754508453121535,
    "6": 0.7926259263260033,
    "3": 0.842088266637433,
    "2": 0.8512030828141374
  },
  "e3c545fac7a7_LOD_Handbook": {
    "11": 0.6637730128819547,
    "4": 0.6720637404685755,
    "6": 0.702149017295216,
    "7": 0.7034663856298963,
    "9": 0.7041829160654993,
    "8": 0.7101661551960331,
    "10": 0.7604433092174886,
    "2": 0.7673139342138978,
    "5": 0.7760795697503239,
    "3": 0.7889137342544537,
    "1": 0.8182746031916462,
    "12": 0.9638060669932113
  },
  "db9ca18368cd_20241122_resource_open_data_01": {
    "2": 0.6651343235480256,
    "3": 0.6965412992570061,
    "1": 0.7603766165045881
  },
  "34140b9c5662_index-14": {
    "5": 0.6796554268866298,
    "2": 0.7076264438942497,
    "4": 0.7104809400001796,
    "3": 0.7185033716546995,
    "6": 0.7715657507485955,
    "1": 0.8393361779646078
  },
  "6514f214e482_tokumei_08_01-2": {
    "5": 0.6809306484973984,
    "1": 0.7177407125438847,
    "7": 0.7576188274731859,
    "4": 0.7613777150018164,
    "6": 0.7723265381256542,
    "2": 0.8312972638384402,
    "3": 0.831788774201196
  },
  "459f05f1e877_kyodokenkyuyoushiki01": {
    "2": 0.6845419104482549,
    "1": 0.7806926748537487,
    "3": 0.8535214148743052
  },
  "bd90b00ab7a7_order_05": {
    "1": 0.6958272369191322,
    "2": 0.8408876208308559
  },
  "04b88e7e0b25_index-19": {
    "3": 0.69618220963224,
    "4": 0.715665138156471,
    "2": 0.7514083059762928,
    "1": 0.8641212565054083,
    "5": 0.9533570602020894
  },
  "a1d6e4efa2e7_tokumei_08_01-4": {
    "5": 0.6964268907744863,
    "1": 0.7154281639260373,
    "7": 0.720887642146748,
    "4": 0.7568460675840609,
    "3": 0.8288605285490921,
    "2": 0.8630399524067087,
    "6": 0.9033940922216099
  },
  "ed025cbecffb_index-23": {
    "6": 0.7043168405002959,
    "8": 0.7265667850671518,
    "2": 0.7300352103007679,
    "3": 0.7354967757109564,
    "13": 0.7522203622414102,
    "5": 0.7578399176483911,
    "11": 0.7635222602269446,
    "4": 0.7731899895153393,
    "9": 0.7971277866643051,
    "12": 0.7984436862312884,
    "15": 0.8055970454500941,
    "7": 0.8127846580290949,
    "1": 0.8164665401584238,
    "16": 0.8597294348218649,
    "14": 0.8741953400194129,
    "10": 0.8834576005885779
  },
  "d1e8ac8fd1cc_kyodokenkyuyoushiki06": {
    "1": 0.7087492907362852,
    "2": 0.9508797611159038
  },
  "15076df085f5_tokumei_08_09": {
    "1": 0.7090141540382167
  },
  "1636d28e2c46_tokumei_08_04": {
    "1": 0.7111765328435787,
    "2": 0.8773010980356251
  },
  "de6e32b5960b_tokumei_08_01-1": {
    "1": 0.7130291907935719,
    "7": 0.714584621424338,
    "5": 0.7543707968527894,
    "4": 0.754811741578382,
    "6": 0.8251671655943545,
    "3": 0.826725608553233,
    "2": 0.8374650263674214
  },
  "31420af1a08f_tokumei_08_07": {
    "2": 0.7207627000101197,
    "1": 0.814865678476936
  },
  "c7b923e5c616_20240705_resources_data_outline_06": {
    "2": 0.722456448664967,
    "1": 0.7444449196963254,
    "3": 0.7790424721075563
  },
  "29dc6e8943fe_order_01": {
    "5": 0.7313860332216437,
    "3": 0.7388721552289482,
    "6": 0.7630115027175858,
    "2": 0.818513266545782,
    "4": 0.8292873950084839,
    "1": 0.9630868034023609
  },
  "a47e6c6b2ca1_order_08": {
    "1": 0.7549550765379877
  },
  "b5f706e9f6ad_kyodokenkyuyoushiki_bessi": {
    "1": 0.7708601515081986,
    "2": 0.7831143559653314
  },
  "gen2_054_Audit_Report": {
    "1": 0.7864501102294325,
    "2": 0.7945601910184291
  },
  "gen2_007_\u696d\u52d9\u6539\u5584\u63d0\u6848\u66f8": {
    "2": 0.7925826435963934,
    "1": 0.8252995080610933,
    "3": 0.9791152584658387
  },
  "gen2_036_\u65b0\u5165\u793e\u54e1\u30ac\u30a4\u30c9": {
    "1": 0.7928891058935549,
    "2": 0.9428004435243772
  },
  "gen2_024_\u30c6\u30ec\u30ef\u30fc\u30af\u898f\u7a0b": {
    "2": 0.7957226455590112,
    "1": 0.8912324432976234,
    "3": 0.9717248730854723
  },
  "gen2_037_\u7ba1\u7406\u8077\u30cf\u30f3\u30c9\u30d6\u30c3\u30af": {
    "1": 0.8071048271144562,
    "2": 0.922941151815404
  },
  "gen2_032_\u7d4c\u8cbb\u7cbe\u7b97\u30de\u30cb\u30e5\u30a2\u30eb": {
    "2": 0.8139728166385325,
    "1": 0.8412795401966878
  },
  "gen2_019_\u793e\u5185\u898f\u7a0b\u96c6": {
    "1": 0.8202568972050749,
    "2": 0.9358377869073174
  },
  "gen2_050_Disaster_Plan": {
    "2": 0.8204198940039457,
    "1": 0.8814932716696443
  },
  "fded6867fcbc_index-15": {
    "1": 0.8254872485858348
  },
  "gen2_060_Employee_Agreement": {
    "1": 0.8275826048290886,
    "2": 0.961499796880446
  },
  "gen2_025_\u30cf\u30e9\u30b9\u30e1\u30f3\u30c8\u9632\u6b62\u898f\u7a0b": {
    "1": 0.8279248818264873,
    "2": 0.9776060310057934
  },
  "gen2_021_\u7d66\u4e0e\u898f\u7a0b": {
    "2": 0.8310009295484112,
    "1": 0.8956233725597866
  },
  "gen2_035_\u96fb\u8a71\u5bfe\u5fdc\u30de\u30cb\u30e5\u30a2\u30eb": {
    "1": 0.8312705609561126,
    "2": 0.9629144340101302
  },
  "gen2_012_\u500b\u4eba\u60c5\u5831\u4fdd\u8b77\u65b9\u91dd": {
    "1": 0.8357200620536848,
    "2": 0.960542716275932
  },
  "gen2_068_SOW_Template": {
    "1": 0.8364564928937012,
    "2": 0.9859330593114536
  },
  "cb8be715d839_kyodokenkyuyoushiki03": {
    "1": 0.8371170840682883,
    "2": 0.9684922705010114
  },
  "gen2_052_Privacy_Policy": {
    "1": 0.8388165765295902
  },
  "test_line_heights": {
    "4": 0.8395027057913133,
    "5": 0.8742633367127496,
    "3": 0.8903639647916108,
    "2": 0.9367266734304809,
    "1": 0.9454287179424048,
    "6": 0.9824905684220279
  },
  "gen2_020_\u5c31\u696d\u898f\u5247": {
    "1": 0.8407935024986338,
    "2": 0.9255812683957295
  },
  "gen2_023_\u80b2\u5150\u4f11\u696d\u898f\u7a0b": {
    "1": 0.8421066965016649,
    "2": 0.9205848128013909
  },
  "gen2_077_API_Documentation": {
    "1": 0.8428561740992292,
    "2": 0.8744893907284442
  },
  "gen2_027_\u61f2\u6212\u898f\u7a0b": {
    "1": 0.8445127602502113
  },
  "gen2_014_\u5185\u90e8\u76e3\u67fb\u5831\u544a\u66f8": {
    "1": 0.8502493982858305,
    "2": 0.9321651295122274
  },
  "gen2_074_Test_Plan": {
    "1": 0.8546682241323776,
    "2": 0.9795586140337518
  },
  "gen2_010_\u9632\u707d\u8a08\u753b\u66f8": {
    "2": 0.8554103059728133,
    "1": 0.8644320528143431
  },