{
  "683ffcab86e2_20230331_resources_open_data_contract_addon_00": {
    "2": 0.49082143787286725,
    "1": 0.6254431240666173,
    "3": 0.927209456658525
  },
  "0e7af1ae8f21_20230331_resources_open_data_contract_sample_00": {
    "2": 0.5598504417811055,
    "7": 0.5787881513514855,
    "5": 0.6018968261428009,
    "6": 0.6020826188756229,
    "3": 0.6526312607359605,
    "4": 0.6608734144168236,
    "10": 0.8613,
    "1": 0.9334225902014323,
    "9": 0.9678,
    "8": 0.9783189396401686
  },
  "d77a58485f16_20240705_resources_data_outline_08": {
    "9": 0.6031511865621741,
    "6": 0.6206255488553876,
    "7": 0.6238791984257778,
    "5": 0.6345969865400727,
    "4": 0.6455006484843646,
    "2": 0.6522938131158253,
    "8": 0.6773519062499602,
    "11": 0.7358,
    "10": 0.7069834240074355,
    "3": 0.7100298978426283,
    "1": 0.7236973300777878,
    "12": 0.9672644439454406
  },
  "b35123fe8efc_tokumei_08_01": {
    "1": 0.6134007117031341,
    "2": 0.6756980091478116
  },
  "b837808d0555_20240705_resources_data_guideline_02": {
    "4": 0.6320699694696241,
    "5": 0.6362527902653798,
    "6": 0.6456370178400515,
    "3": 0.6544071991456362,
    "2": 0.6681829067223505,
    "1": 0.7234856042814263,
    "7": 0.8432699431102016
  },
  "2ea81a8441cc_0025006-192": {
    "2": 0.6350602007536126,
    "1": 0.7771347973834252
  },
  "e3c545fac7a7_LOD_Handbook": {
    "11": 0.6543613394608202,
    "4": 0.6785253289792782,
    "6": 0.695855847045476,
    "8": 0.7037461828273669,
    "7": 0.7068265992030983,
    "2": 0.7086559290163281,
    "9": 0.710832108251175,
    "3": 0.7182697981892154,
    "10": 0.7532995734529164,
    "5": 0.7718023828931556,
    "1": 0.7759638821452423,
    "12": 0.9550193180724876
  },
  "d4d126dfe1d9_tokumei_08_01-3": {
    "5": 0.659192000907996,
    "4": 0.7001715807260838,
    "7": 0.7505128976800021,
    "1": 0.7680889458088318,
    "6": 0.7909729889923162,
    "3": 0.8365932692561612,
    "2": 0.8451829944578666
  },
  "29dc6e8943fe_order_01": {
    "5": 0.6652239957094769,
    "2": 0.7269066605527156,
    "3": 0.7992444177106176,
    "4": 0.8427794255285058,
    "6": 0.9326638567499845,
    "1": 0.9668662959528525
  },
  "1ec1091177b1_006": {
    "1": 0.6681248035088138
  },
  "ed025cbecffb_index-23": {
    "7": 0.6725027111972901,
    "4": 0.6969848017502368,
    "5": 0.7048381412011748,
    "6": 0.7232518537441068,
    "2": 0.7304519058056753,
    "9": 0.7484643138410295,
    "14": 0.7787111758816186,
    "10": 0.7992814441148873,
    "15": 0.806240571795235,
    "13": 0.8063955262673819,
    "12": 0.80654139578147,
    "3": 0.8085246482872653,
    "8": 0.8383709483437124,
    "1": 0.8401134501819181,
    "11": 0.8701317991321321,
    "16": 0.9481482471803608
  },
  "04b88e7e0b25_index-19": {
    "3": 0.6747688905270696,
    "4": 0.7016856755399211,
    "2": 0.7569783707247651,
    "1": 0.8188320495571914,
    "5": 0.9478942954499822
  },
  "34140b9c5662_index-14": {
    "5": 0.6775678804426807,
    "2": 0.68192899793143,
    "4": 0.686598262397283,
    "3": 0.6907685031298199,
    "6": 0.8034317436707924,
    "1": 0.8765010390609337
  },
  "459f05f1e877_kyodokenkyuyoushiki01": {
    "2": 0.6805404346606823,
    "1": 0.7794950773865027,
    "3": 0.8552956679457693
  },
  "6514f214e482_tokumei_08_01-2": {
    "5": 0.6894355317247102,
    "1": 0.7057642891674439,
    "7": 0.756231225873576,
    "4": 0.7613741465713075,
    "6": 0.7769147827230097,
    "2": 0.8254324434559027,
    "3": 0.8331711179544056
  },
  "db9ca18368cd_20241122_resource_open_data_01": {
    "2": 0.6898812022646509,
    "3": 0.7211892802964694,
    "1": 0.7806823713403057
  },
  "3a4f9fbe1a83_001620506": {
    "3": 0.6935224826048443,
    "4": 0.7869424800471375,
    "2": 0.8483054310262143,
    "5": 0.8866766469061712,
    "8": 0.9029519287903001,
    "7": 0.9241191195250927,
    "6": 0.939219334294076,
    "1": 0.9763331854930674
  },
  "a1d6e4efa2e7_tokumei_08_01-4": {
    "1": 0.7038345255812835,
    "5": 0.7047871371651349,
    "4": 0.7573435716432338,
    "7": 0.7906587395799285,
    "6": 0.8004441203815027,
    "3": 0.8318342471946844,
    "2": 0.8577650955641086
  },
  "bd90b00ab7a7_order_05": {
    "1": 0.7118345253647743,
    "2": 0.8283997626723375
  },
  "de6e32b5960b_tokumei_08_01-1": {
    "7": 0.7146217439016658,
    "1": 0.7183972871877167,
    "4": 0.7538505830913409,
    "5": 0.760554409138498,
    "6": 0.8244975750611839,
    "3": 0.8271459170466792,
    "2": 0.8304304418439341
  },
  "31420af1a08f_tokumei_08_07": {
    "2": 0.7160633938803872,
    "1": 0.8163150828340419
  },
  "d1e8ac8fd1cc_kyodokenkyuyoushiki06": {
    "1": 0.7189995423000114,
    "2": 0.951391929626961
  },
  "gen2_007_\u696d\u52d9\u6539\u5584\u63d0\u6848\u66f8": {
    "2": 0.7238364153331497,
    "1": 0.8220833086416038,
    "3": 0.9669434824300714
  },
  "1636d28e2c46_tokumei_08_04": {
    "1": 0.7249205234116998,
    "2": 0.8661995236212535
  },
  "a47e6c6b2ca1_order_08": {
    "1": 0.7378183680124595
  },
  "15076df085f5_tokumei_08_09": {
    "1": 0.740257245045416
  },
  "c7b923e5c616_20240705_resources_data_outline_06": {
    "2": 0.7439546020770266,
    "1": 0.755731998994464,
    "3": 0.8097983191922201
  },
  "b5f706e9f6ad_kyodokenkyuyoushiki_bessi": {
    "2": 0.7852733311117489,
    "1": 0.8003280355492831
  },
  "gen2_024_\u30c6\u30ec\u30ef\u30fc\u30af\u898f\u7a0b": {
    "2": 0.7935542067256973,
    "1": 0.8743687634464018,
    "3": 0.9702457226760967
  },
  "gen2_018_\u9867\u5ba2\u6e80\u8db3\u5ea6\u8abf\u67fb\u5831\u544a": {
    "2": 0.7992289765922781,
    "1": 0.8690558835960966
  },
  "gen2_037_\u7ba1\u7406\u8077\u30cf\u30f3\u30c9\u30d6\u30c3\u30af": {
    "1": 0.8106308646780835,
    "2": 0.9444061655641077
  },
  "gen2_036_\u65b0\u5165\u793e\u54e1\u30ac\u30a4\u30c9": {
    "1": 0.8108758855814661,
    "2": 0.9317772612816673
  },
  "gen2_054_Audit_Report": {
    "1": 0.825041852632666,
    "2": 0.859303554383703
  },
  "fded6867fcbc_index-15": {
    "1": 0.8260592300794661
  },
  "gen2_012_\u500b\u4eba\u60c5\u5831\u4fdd\u8b77\u65b9\u91dd": {
    "1": 0.8267878780240782,
    "2": 0.9594515750244069
  },
  "gen2_060_Employee_Agreement": {
    "1": 0.8282526019857824,
    "2": 0.9832271107821503
  },
  "gen2_067_SLA_Template": {
    "1": 0.8289222995088954,
    "2": 0.9827824036604477
  },
  "gen2_019_\u793e\u5185\u898f\u7a0b\u96c6": {
    "1": 0.8327808117636787,
    "2": 0.8920083634927302
  },
  "gen2_055_Risk_Management_Report": {
    "1": 0.8346889830483534,
    "2": 0.9918228207542604
  },
  "test_line_heights": {
    "4": 0.8377892001964214,
    "5": 0.8739676152168913,
    "3": 0.8889664159655841,
    "1": 0.9375395191319159,
    "2": 0.9391276836998647,
    "6": 0.9828324951190807
  },
  "gen2_026_\u526f\u696d_\u517c\u696d\u898f\u7a0b": {
    "1": 0.8378608793265928,
    "2": 0.9277765060182634
  },
  "gen2_041_Annual_Report": {
    "1": 0.8381889551588761,
    "2": 0.8767394993938417
  },
  "gen2_014_\u5185\u90e8\u76e3\u67fb\u5831\u544a\u66f8": {
    "1": 0.8407106380428976,
    "2": 0.8875201105423184
  },
  "gen2_023_\u80b2\u5150\u4f11\u696d\u898f\u7a0b": {
    "1": 0.8431964005371322,
    "2": 0.9533724888956302
  },
  "gen2_017_\u30de\u30fc\u30b1\u30c6\u30a3\u30f3\u30b0\u6226\u7565\u66f8": {
    "1": 0.8434470693205977
  },
  "gen2_058_Customer_Survey_Results": {
    "1": 0.8466774185372579,
    "2": 0.9397075039962882
  },
  "gen2_032_\u7d4c\u8cbb\u7cbe\u7b97\u30de\u30cb\u30e5\u30a2\u30eb": {
    "2": 0.8490004654681594,
    "1": 0.857380049282716
  },
  "gen2_068_SOW_Template": {
    "1": 0.8497151120714834,
    "2": 0.9815414371313721
  },
  "gen2_031_\u6587\u66f8\u7ba1\u7406\u898f\u7a0b": {
    "1": 0.8507559274867216
  },
  "gen2_025_\u30cf\u30e9\u30b9\u30e1\u30f3\u30c8\u9632\u6b62\u898f\u7a0b": {
    "1": 0.8510669144406299,
    "2": 0.9776409965798519
  },
  "gen2_027_\u61f2\u6212\u898f\u7a0b": {
    "1": 0.8521353024008137
  },
  "gen2_021_\u7d66\u4e0e\u898f\u7a0b": {
    "2": 0.8549813473542983,