{
 "04b88e7e0b25_index-19": {
  "1": 0.8977900485667144,
  "2": 0.8687559621056004,
  "3": 0.8649816947131099,
  "4": 0.9239890584824102,
  "5": 0.9915253501823341
 },
 "09390503aeff_index-17": {
  "1": 0.983254031059925
 },
 "0e7af1ae8f21_20230331_resources_open_data_contract_sample_00": {
  "1": 0.9597023716041054,
  "2": 0.8641856579929194,
  "3": 0.889684170658262,
  "4": 0.8896784025873821,
  "5": 0.8971176594759266,
  "6": 0.8813897558065156,
  "7": 0.8784554117207041,
  "8": 0.9918253708395811,
  "9": 0.9806780294062646,
  "10": 0.9558046866429383
 },
 "15076df085f5_tokumei_08_09": {
  "1": 0.8127329069329091
 },
 "15f9755cbccc_190094": {
  "1": 0.9544339228579349
 },
 "1636d28e2c46_tokumei_08_04": {
  "1": 0.7900339168760796,
  "2": 0.9281610270907031
 },
 "191cb5254cb2_tokumei_08_10": {
  "1": 0.9435861078494351
 },
 "1ec1091177b1_006": {
  "1": 0.8090576660629075
 },
 "29dc6e8943fe_order_01": {
  "1": 0.9760317665093631,
  "2": 0.8536708745371798,
  "3": 0.8919695046086838,
  "4": 0.9069346892986124,
  "5": 0.7384767605420762,
  "6": 0.979729786670475
 },
 "2ea81a8441cc_0025006-192": {
  "1": 0.8636495192491419,
  "2": 0.8137439632534141
 },
 "31420af1a08f_tokumei_08_07": {
  "1": 0.8837167518816873,
  "2": 0.8260820232494873
 },
 "338c92d6e393_190097": {
  "1": 0.9525774109463706
 },
 "34140b9c5662_index-14": {
  "1": 0.9446083540743816,
  "2": 0.9212096282713617,
  "3": 0.8755049361261326,
  "4": 0.9257659353937516,
  "5": 0.9125686677019388,
  "6": 0.9675826866957017
 },
 "3a4f9fbe1a83_001620506": {
  "1": 0.9752965487638393,
  "2": 0.8961039498448437,
  "3": 0.8402978902762953,
  "4": 0.8465422183508303,
  "5": 0.9302313380954915,
  "6": 0.9651232408475162,
  "7": 0.9530728106052099,
  "8": 0.9600074370722061
 },
 "459f05f1e877_kyodokenkyuyoushiki01": {
  "1": 0.913155470890254,
  "2": 0.8688356348291038,
  "3": 0.9589080055447506
 },
 "4a36b62555f2_kyodokenkyuyoushiki10": {
  "1": 0.9247281377932189
 },
 "6295e189a801_order_09": {
  "1": 0.9089148435025223
 },
 "6514f214e482_tokumei_08_01-2": {
  "1": 0.8825421611884895,
  "2": 0.9351672989527313,
  "3": 0.921526096480232,
  "4": 0.8258430500428297,
  "5": 0.8441272817382189,
  "6": 0.9377817885970906,
  "7": 0.7947134036932962
 },
 "664c38001b40_order_12": {
  "1": 0.9355013028144118
 },
 "683ffcab86e2_20230331_resources_open_data_contract_addon_00": {
  "1": 0.8068683934910784,
  "2": 0.7701562315394171,
  "3": 0.962963660934966
 },
 "6a39b1812290_001851238": {
  "1": 0.9868814617220062
 },
 "6d6dc4ade6c0_index-20": {
  "1": 0.9792484332781058
 },
 "7ead52b63f0e_000067058": {
  "1": 0.9211824912285232
 },
 "7f272a2dfd3b_index-21": {
  "1": 0.9231575531125554
 },
 "87b29ca447cc_tokumei_08_01-0": {
  "1": 0.9783236285034186
 },
 "8bc929011c90_001851240": {
  "1": 0.9937529709597995
 },
 "8efcd416dfb8_190098": {
  "1": 0.9560386147190902
 },
 "9a8e8ddab85b_order_06-1": {
  "1": 0.9634225385653132
 },
 "_pixel_tmp": {
  "1": 0.9997321685883976
 },
 "a1d6e4efa2e7_tokumei_08_01-4": {
  "1": 0.8816607709038311,
  "2": 0.9524356148379344,
  "3": 0.9132724392704766,
  "4": 0.8246293420504284,
  "5": 0.8419286431273174,
  "6": 0.9782921078652165,
  "7": 0.7947134036932962
 },
 "a47e6c6b2ca1_order_08": {
  "1": 0.8337100360674583
 },
 "a5ccbe425525_kyodokenkyuyoushiki05": {
  "1": 0.9845002231003473
 },
 "b35123fe8efc_tokumei_08_01": {
  "1": 0.8226686152884929,
  "2": 0.8679170276230322
 },
 "b5f706e9f6ad_kyodokenkyuyoushiki_bessi": {
  "1": 0.8798869214114297,
  "2": 0.8880785495510555
 },
 "b837808d0555_20240705_resources_data_guideline_02": {
  "1": 0.824204897300548,
  "2": 0.9015047581005966,
  "3": 0.7855223885414203,
  "4": 0.7623686424248826,
  "5": 0.81522516542871,
  "6": 0.8815811474431764,
  "7": 0.8268381952447509
 },
 "bd90b00ab7a7_order_05": {
  "1": 0.8867899146221397,
  "2": 0.9533384009054396
 },
 "c7b923e5c616_20240705_resources_data_outline_06": {
  "1": 0.7998961466381816,
  "2": 0.8118231649290916,
  "3": 0.7936579819010218
 },
 "cb8be715d839_kyodokenkyuyoushiki03": {
  "1": 0.9562644943745613,
  "2": 0.990856219745479
 },
 "d11_v0_baseline": {
  "1": 0.9985570602683113
 },
 "d11_v1_cs_neg9": {
  "1": 0.9985944996655691
 },
 "d11_v2_cs_neg20": {
  "1": 0.9987011052270235
 },
 "d11_v3_grid_only": {
  "1": 0.994147350127339
 },
 "d11_v4_grid_cs_neg9": {
  "1": 0.9942306858196422
 },
 "d11_v5_grid_cs_neg1": {
  "1": 0.9941558608572013
 },
 "d1e8ac8fd1cc_kyodokenkyuyoushiki06": {
  "1": 0.8090089607938927,
  "2": 0.975255670026943
 },
 "d4d126dfe1d9_tokumei_08_01-3": {
  "1": 0.8921775586539559,
  "2": 0.9357829179253884,
  "3": 0.9023466666888474,
  "4": 0.817103867487266,
  "5": 0.7774679886135237,
  "6": 0.9380342144523471,
  "7": 0.7974151870169753
 },
 "d57289db0a6a_kyodokenkyuyoushiki11": {
  "1": 0.9208136169343382
 },
 "d6fd9a516382_190095": {
  "1": 0.9557712351504853,
  "2": 0.9712380136719045
 },
 "d77a58485f16_20240705_resources_data_outline_08": {
  "1": 0.8357691386443103,
  "2": 0.9085288175203435,
  "3": 0.8263191209679587,
  "4": 0.8282241762200736,
  "5": 0.8392288500999179,
  "6": 0.9007644989413573,
  "7": 0.7612995340518212,
  "8": 0.8907053960979,
  "9": 0.7330570452533719,
  "10": 0.7688848506171633,
  "11": 0.8392776294326824,
  "12": 0.9723513149357966
 },
 "d7_v0_hang_only": {
  "1": 0.9883710026612187
 },
 "d7_v1_hang_offset": {
  "1": 0.9883884742520896
 },
 "d7_v2_no_hang_left30": {
  "1": 0.988458868535172
 },
 "d7_v3_huge_hang_like_1636": {
  "1": 0.9883662584086421
 },
 "d7_v4_bullet": {
  "1": 0.988040133867011
 },
 "d7_v5_no_indent_bullet": {
  "1": 0.988040133867011
 },
 "d94cb2a61ef4_190096": {
  "1": 0.9690732790076609
 },
 "db9ca18368cd_20241122_resource_open_data_01": {
  "1": 0.8251460117447169,
  "2": 0.7817886963893551,
  "3": 0.8125072139163532
 },
 "de6e32b5960b_tokumei_08_01-1": {
  "1": 0.8390322561115279,
  "2": 0.9427033596817621,
  "3": 0.9198336633286298,
  "4": 0.8351114521483448,
  "5": 0.9306982528243344,
  "6": 0.8355284561635622,
  "7": 0.7947134036932962
 },
 "e201249db062_tokumei_08_05": {
  "1": 0.9570663048428593
 },
 "e3c545fac7a7_LOD_Handbook": {
  "1": 0.9631646812081645,
  "2": 0.9368523158578071,
  "3": 0.8612021710951018,
  "4": 0.7146952412552537,
  "5": 0.8784913702612004,
  "6": 0.8344962721462256,
  "7": 0.9655127142672127,
  "8": 0.8461779110783006,
  "9": 0.9595082486103381,
  "10": 0.8689959271540256,
  "11": 0.8957902609991722,
  "12": 0.9896569630713993
 },
 "e8caed453f48_kyodokenkyuyoushiki07": {
  "1": 0.8923480427351268
 },
 "ed025cbecffb_index-23": {
  "1": 0.9292138725406419,
  "2": 0.8187982524485641,
  "3": 0.9340711788607875,
  "4": 0.8479638422994671,
  "5": 0.9549353959630871,
  "6": 0.7708185555448898,
  "7": 0.9585874176274168,
  "8": 0.9653711980129888,
  "9": 0.9219388853167155,
  "10": 0.8924209528527701,
  "11": 0.9065477957381199,
  "12": 0.9779185566058771,
  "13": 0.9304275104156462,
  "14": 0.8969706519137423,
  "15": 0.8420638452291317,
  "16": 0.9913247720266493
 },
 "f16f228aecde_kyodokenkyuyoushiki08": {
  "1": 0.9137270406507064
 },
 "fded6867fcbc_index-15": {
  "1": 0.9235926918174586
 },
 "gen2_000_\u53d6\u7de0\u5f79\u4f1a\u8b70\u4e8b\u9332": {
  "1": 0.9655345306942227,
  "2": 0.9714537011726074
 },
 "gen2_001_\u682a\u4e3b\u7dcf\u4f1a\u62db\u96c6\u901a\u77e5": {
  "1": 0.9480481556481802,
  "2": 0.8888606842667716
 },
 "gen2_002_\u4e8b\u696d\u8a08\u753b\u66f8": {
  "1": 0.9018878875222174
 },
 "gen2_003_\u4e88\u7b97\u7533\u8acb\u66f8": {
  "1": 0.9513021745560444,
  "2": 0.949992120950761
 },
 "gen2_004_\u4eba\u4e8b\u8a55\u4fa1\u30b7\u30fc\u30c8": {
  "1": 0.9512625859592679,
  "2": 0.9311553718478852
 },
 "gen2_005_\u7814\u4fee\u5831\u544a\u66f8": {
  "1": 0.9396285977597424,
  "2": 0.9504583406614442
 },
 "gen2_006_\u51fa\u5f35\u5831\u544a\u66f8": {
  "1": 0.9355104005863978
 },
 "gen2_007_\u696d\u52d9\u6539\u5584\u63d0\u6848\u66f8": {
  "1": 0.880230196608982,
  "2": 0.8944788433255307,
  "3": 0.9945694733375845
 },