{
 "04b88e7e0b25_index-19": {
  "1": 0.8978145979849376,
  "2": 0.8687559621056004,
  "3": 0.8649816947131099,
  "4": 0.9239890584824102,
  "5": 0.9913029399461467
 },
 "09390503aeff_index-17": {
  "1": 0.983254031059925
 },
 "0e7af1ae8f21_20230331_resources_open_data_contract_sample_00": {
  "1": 0.9602962646972557,
  "2": 0.8641856579929194,
  "3": 0.889684170658262,
  "4": 0.8896784025873821,
  "5": 0.8971176594759266,
  "6": 0.8813897558065156,
  "7": 0.8784554117207041,
  "8": 0.9918253708395811,
  "9": 0.9854779545846731,
  "10": 0.9558046866429383
 },
 "15076df085f5_tokumei_08_09": {
  "1": 0.7991622548331644
 },
 "15f9755cbccc_190094": {
  "1": 0.9544339228579349
 },
 "1636d28e2c46_tokumei_08_04": {
  "1": 0.7866644551252463,
  "2": 0.9298328213351312
 },
 "191cb5254cb2_tokumei_08_10": {
  "1": 0.9040660723592119
 },
 "1ec1091177b1_006": {
  "1": 0.7587900285683268
 },
 "29dc6e8943fe_order_01": {
  "1": 0.9760317665093631,
  "2": 0.8434254849882091,
  "3": 0.8763470387601582,
  "4": 0.8861078488980386,
  "5": 0.7352783463797202,
  "6": 0.979729786670475
 },
 "2ea81a8441cc_0025006-192": {
  "1": 0.8417666563292449,
  "2": 0.7727981265615425
 },
 "31420af1a08f_tokumei_08_07": {
  "1": 0.871735432048632,
  "2": 0.8241025424675175
 },
 "338c92d6e393_190097": {
  "1": 0.9525774109463706
 },
 "34140b9c5662_index-14": {
  "1": 0.94460513022718,
  "2": 0.9212096282713617,
  "3": 0.8765007479186514,
  "4": 0.9257659353937516,
  "5": 0.8863068244672042,
  "6": 0.9673791458177838
 },
 "3a4f9fbe1a83_001620506": {
  "1": 0.9752841061054353,
  "2": 0.8897529306807738,
  "3": 0.8242484453691027,
  "4": 0.8529947405458905,
  "5": 0.9302276547159284,
  "6": 0.9651214902184725,
  "7": 0.9530695536868282,
  "8": 0.9600055272310728
 },
 "459f05f1e877_kyodokenkyuyoushiki01": {
  "1": 0.9042088267559641,
  "2": 0.8537051469170022,
  "3": 0.9589079703304061
 },
 "4a36b62555f2_kyodokenkyuyoushiki10": {
  "1": 0.9271483308747145
 },
 "6295e189a801_order_09": {
  "1": 0.9025334563169699
 },
 "6514f214e482_tokumei_08_01-2": {
  "1": 0.8741385570080556,
  "2": 0.8791869853832034,
  "3": 0.8732159075934387,
  "4": 0.8273441155100997,
  "5": 0.8227932936233002,
  "6": 0.9381282580193243,
  "7": 0.7929059667465074
 },
 "664c38001b40_order_12": {
  "1": 0.9328839306051702
 },
 "683ffcab86e2_20230331_resources_open_data_contract_addon_00": {
  "1": 0.7534361192546063,
  "2": 0.7701562315394171,
  "3": 0.962963660934966
 },
 "6a39b1812290_001851238": {
  "1": 0.9868814617220062
 },
 "6d6dc4ade6c0_index-20": {
  "1": 0.9792484332781058
 },
 "7ead52b63f0e_000067058": {
  "1": 0.9164149903059909
 },
 "7f272a2dfd3b_index-21": {
  "1": 0.9189140534566063
 },
 "87b29ca447cc_tokumei_08_01-0": {
  "1": 0.9783236285034186
 },
 "8bc929011c90_001851240": {
  "1": 0.9937529709597995
 },
 "8efcd416dfb8_190098": {
  "1": 0.9560386147190902
 },
 "9a8e8ddab85b_order_06-1": {
  "1": 0.9209751123052708
 },
 "_pixel_tmp": {
  "1": 0.9995971250247925
 },
 "a1d6e4efa2e7_tokumei_08_01-4": {
  "1": 0.8735582771180899,
  "2": 0.9139405303784073,
  "3": 0.8946173452233287,
  "4": 0.8257883687875499,
  "5": 0.8646393098792055,
  "6": 0.9759258149587507,
  "7": 0.7929059667465074
 },
 "a47e6c6b2ca1_order_08": {
  "1": 0.7964341372987245
 },
 "a5ccbe425525_kyodokenkyuyoushiki05": {
  "1": 0.984514208327386
 },
 "b35123fe8efc_tokumei_08_01": {
  "1": 0.7441783284449007,
  "2": 0.7952529007080155
 },
 "b5f706e9f6ad_kyodokenkyuyoushiki_bessi": {
  "1": 0.8750612634733166,
  "2": 0.8805549681431915
 },
 "b837808d0555_20240705_resources_data_guideline_02": {
  "1": 0.8215297409753314,
  "2": 0.8916327288143142,
  "3": 0.7788381553298644,
  "4": 0.7514734121112818,
  "5": 0.7948182083559172,
  "6": 0.8815811474431764,
  "7": 0.8262609970328004
 },
 "bd90b00ab7a7_order_05": {
  "1": 0.8023068420170615,
  "2": 0.9445937943453027
 },
 "c7b923e5c616_20240705_resources_data_outline_06": {
  "1": 0.7990071883718907,
  "2": 0.8108567999353814,
  "3": 0.7942009130665978
 },
 "cb8be715d839_kyodokenkyuyoushiki03": {
  "1": 0.9561792779267115,
  "2": 0.990856219745479
 },
 "d11_v0_baseline": {
  "1": 0.9985570602683113
 },
 "d11_v1_cs_neg9": {
  "1": 0.9985944996655691
 },
 "d11_v2_cs_neg20": {
  "1": 0.9987011052270235
 },
 "d11_v3_grid_only": {
  "1": 0.994147350127339
 },
 "d11_v4_grid_cs_neg9": {
  "1": 0.9942306858196422
 },
 "d11_v5_grid_cs_neg1": {
  "1": 0.9941558608572013
 },
 "d1e8ac8fd1cc_kyodokenkyuyoushiki06": {
  "1": 0.7871549502399521,
  "2": 0.975255670026943
 },
 "d4d126dfe1d9_tokumei_08_01-3": {
  "1": 0.885036258305838,
  "2": 0.9042899871853377,
  "3": 0.8842913792043855,
  "4": 0.8119192318027331,
  "5": 0.8102938906627196,
  "6": 0.9381255740363391,
  "7": 0.7955811851601547
 },
 "d57289db0a6a_kyodokenkyuyoushiki11": {
  "1": 0.924173482495449
 },
 "d6fd9a516382_190095": {
  "1": 0.9557712351504853,
  "2": 0.9712380136719045
 },
 "d77a58485f16_20240705_resources_data_outline_08": {
  "1": 0.8357691386443103,
  "2": 0.9085288175203435,
  "3": 0.8258120288697924,
  "4": 0.8199902804674625,
  "5": 0.8225434828023331,
  "6": 0.8896376098643128,
  "7": 0.758131733155737,
  "8": 0.871057353053209,
  "9": 0.7293906967770521,
  "10": 0.7690416281184982,
  "11": 0.8185389319122606,
  "12": 0.9716219540896104
 },
 "d7_v0_hang_only": {
  "1": 0.9883710026612187
 },
 "d7_v1_hang_offset": {
  "1": 0.9883884742520896
 },
 "d7_v2_no_hang_left30": {
  "1": 0.988458868535172
 },
 "d7_v3_huge_hang_like_1636": {
  "1": 0.9883662584086421
 },
 "d7_v4_bullet": {
  "1": 0.988040133867011
 },
 "d7_v5_no_indent_bullet": {
  "1": 0.988040133867011
 },
 "d94cb2a61ef4_190096": {
  "1": 0.9690732790076609
 },
 "db9ca18368cd_20241122_resource_open_data_01": {
  "1": 0.8169199268278177,
  "2": 0.7471157660254598,
  "3": 0.7890129329738272
 },
 "de6e32b5960b_tokumei_08_01-1": {
  "1": 0.8470923432492966,
  "2": 0.8873629700527154,
  "3": 0.8940675065375295,
  "4": 0.8344980283578076,
  "5": 0.9343669263929139,
  "6": 0.8374934490440754,
  "7": 0.7929059667465074
 },
 "e201249db062_tokumei_08_05": {
  "1": 0.955739495081235
 },
 "e3c545fac7a7_LOD_Handbook": {
  "1": 0.9584675665194703,
  "2": 0.935682546452402,
  "3": 0.8758019906826119,
  "4": 0.6955856282304284,
  "5": 0.8343183528273493,
  "6": 0.7953417429439149,
  "7": 0.8454362353737356,
  "8": 0.800590546878844,
  "9": 0.8902984606902119,
  "10": 0.8295640916732393,
  "11": 0.7907480958971144,
  "12": 0.9896469592427112
 },
 "e8caed453f48_kyodokenkyuyoushiki07": {
  "1": 0.9168284929651018
 },
 "ed025cbecffb_index-23": {
  "1": 0.9137255908941672,
  "2": 0.7907147433780594,
  "3": 0.9104764177934886,
  "4": 0.8397953633227857,
  "5": 0.8840664823172529,
  "6": 0.7895764277329907,
  "7": 0.9513756873264451,
  "8": 0.96425745369263,
  "9": 0.9184234842362976,
  "10": 0.8893080039962887,
  "11": 0.9065477957381199,
  "12": 0.9779185566058771,
  "13": 0.9270001988528301,
  "14": 0.8969706519137423,
  "15": 0.8385815640280146,
  "16": 0.9913247720266493
 },
 "f16f228aecde_kyodokenkyuyoushiki08": {
  "1": 0.9049457916335265
 },
 "fded6867fcbc_index-15": {
  "1": 0.9147883963749582
 },
 "gen2_000_\u53d6\u7de0\u5f79\u4f1a\u8b70\u4e8b\u9332": {
  "1": 0.9648538430634584,
  "2": 0.9681021866515587
 },
 "gen2_001_\u682a\u4e3b\u7dcf\u4f1a\u62db\u96c6\u901a\u77e5": {
  "1": 0.9477217865693373,
  "2": 0.8902797631005486
 },
 "gen2_002_\u4e8b\u696d\u8a08\u753b\u66f8": {
  "1": 0.90248495524406
 },
 "gen2_003_\u4e88\u7b97\u7533\u8acb\u66f8": {
  "1": 0.9485741009189752,
  "2": 0.9516679455931513
 },
 "gen2_004_\u4eba\u4e8b\u8a55\u4fa1\u30b7\u30fc\u30c8": {
  "1": 0.9476933494390399,
  "2": 0.9313703363944513
 },
 "gen2_005_\u7814\u4fee\u5831\u544a\u66f8": {
  "1": 0.9349258618354203,
  "2": 0.9477957852815138
 },
 "gen2_006_\u51fa\u5f35\u5831\u544a\u66f8": {
  "1": 0.9359179978061927
 },
 "gen2_007_\u696d\u52d9\u6539\u5584\u63d0\u6848\u66f8": {
  "1": 0.881552157766777,
  "2": 0.8949280375521539,
  "3": 0.99449113418437
 },