{
  "0e7af1ae8f21_20230331_resources_open_data_contract_sample_00": {
    "7": 0.5788,
    "6": 0.6021,
    "2": 0.5599,
    "5": 0.6019,
    "3": 0.6526,
    "4": 0.6609,
    "10": 0.7941,
    "1": 0.9334,
    "9": 0.9583,
    "8": 0.9783
  },
  "b837808d0555_20240705_resources_data_guideline_02": {
    "4": 0.6320699694696241,
    "5": 0.6362527902653798,
    "3": 0.6544071991456362,
    "6": 0.6456370178400515,
    "2": 0.6681829067223505,
    "1": 0.7234856042814263,
    "7": 0.8432699431102016
  },
  "683ffcab86e2_20230331_resources_open_data_contract_addon_00": {
    "2": 0.4908,
    "1": 0.6254,
    "3": 0.9272
  },
  "1ec1091177b1_006": {
    "1": 0.6681
  },
  "d77a58485f16_20240705_resources_data_outline_08": {
    "2": 0.6523,
    "6": 0.6206,
    "5": 0.6346,
    "4": 0.6455,
    "3": 0.71,
    "8": 0.6774,
    "9": 0.6032,
    "7": 0.6239,
    "10": 0.707,
    "1": 0.7237,
    "11": 0.7057,
    "12": 0.9673
  },
  "b35123fe8efc_tokumei_08_01": {
    "1": 0.6134,
    "2": 0.6757
  },
  "2ea81a8441cc_0025006-192": {
    "2": 0.6351,
    "1": 0.7771
  },
  "e3c545fac7a7_LOD_Handbook": {
    "11": 0.6544,
    "4": 0.6785,
    "7": 0.7068,
    "9": 0.7108,
    "6": 0.6959,
    "3": 0.7183,
    "8": 0.7037,
    "2": 0.7087,
    "5": 0.7718,
    "10": 0.7533,
    "1": 0.776,
    "12": 0.955
  },
  "d4d126dfe1d9_tokumei_08_01-3": {
    "5": 0.6592,
    "4": 0.7002,
    "7": 0.7505,
    "1": 0.7681,
    "6": 0.791,
    "3": 0.8366,
    "2": 0.8452
  },
  "29dc6e8943fe_order_01": {
    "5": 0.6652,
    "2": 0.7269,
    "3": 0.7992,
    "4": 0.8428,
    "6": 0.9327,
    "1": 0.9669
  },
  "34140b9c5662_index-14": {
    "5": 0.6776,
    "4": 0.6866,
    "3": 0.6908,
    "2": 0.6819,
    "6": 0.8034,
    "1": 0.8765
  },
  "459f05f1e877_kyodokenkyuyoushiki01": {
    "2": 0.6805,
    "1": 0.7795,
    "3": 0.8553
  },
  "6514f214e482_tokumei_08_01-2": {
    "5": 0.6894,
    "1": 0.7058,
    "7": 0.7562,
    "4": 0.7614,
    "6": 0.7769,
    "2": 0.8254,
    "3": 0.8332
  },
  "ed025cbecffb_index-23": {
    "6": 0.7233,
    "3": 0.8085,
    "8": 0.8384,
    "2": 0.7305,
    "5": 0.7048,
    "13": 0.8064,
    "11": 0.8701,
    "4": 0.697,
    "9": 0.7485,
    "12": 0.8065,
    "15": 0.8062,
    "7": 0.6725,
    "1": 0.8401,
    "16": 0.9481,
    "14": 0.7787,
    "10": 0.7993
  },
  "a1d6e4efa2e7_tokumei_08_01-4": {
    "5": 0.7048,
    "1": 0.7038,
    "7": 0.7907,
    "4": 0.7573,
    "3": 0.8318,
    "2": 0.8578,
    "6": 0.8004
  },
  "db9ca18368cd_20241122_resource_open_data_01": {
    "2": 0.6899,
    "3": 0.7212,
    "1": 0.7807
  },
  "bd90b00ab7a7_order_05": {
    "1": 0.7118,
    "2": 0.8284
  },
  "04b88e7e0b25_index-19": {
    "3": 0.6748,
    "2": 0.757,
    "4": 0.7017,
    "1": 0.8188,
    "5": 0.9479
  },
  "15076df085f5_tokumei_08_09": {
    "1": 0.7403
  },
  "de6e32b5960b_tokumei_08_01-1": {
    "7": 0.7146,
    "1": 0.7184,
    "5": 0.7606,
    "4": 0.7539,
    "6": 0.8245,
    "3": 0.8271,
    "2": 0.8304
  },
  "3a4f9fbe1a83_001620506": {
    "3": 0.6935,
    "4": 0.7869,
    "2": 0.8483,
    "8": 0.903,
    "5": 0.8867,
    "6": 0.9392,
    "7": 0.9241,
    "1": 0.9763
  },
  "31420af1a08f_tokumei_08_07": {
    "2": 0.7161,
    "1": 0.8163
  },
  "1636d28e2c46_tokumei_08_04": {
    "1": 0.7249,
    "2": 0.8662
  },
  "gen2_007_\u696d\u52d9\u6539\u5584\u63d0\u6848\u66f8": {
    "2": 0.7258025319348668,
    "1": 0.8442501341838297,
    "3": 0.9671528930070871
  },
  "d1e8ac8fd1cc_kyodokenkyuyoushiki06": {
    "1": 0.719,
    "2": 0.9514
  },
  "c7b923e5c616_20240705_resources_data_outline_06": {
    "2": 0.744,
    "1": 0.7557,
    "3": 0.8098
  },
  "a47e6c6b2ca1_order_08": {
    "1": 0.7378
  },
  "b5f706e9f6ad_kyodokenkyuyoushiki_bessi": {
    "2": 0.7853,
    "1": 0.8003
  },
  "gen2_024_\u30c6\u30ec\u30ef\u30fc\u30af\u898f\u7a0b": {
    "2": 0.823038966436325,
    "1": 0.9055337782031359,
    "3": 0.9764267058832573
  },
  "fded6867fcbc_index-15": {
    "1": 0.8261
  },
  "gen2_037_\u7ba1\u7406\u8077\u30cf\u30f3\u30c9\u30d6\u30c3\u30af": {
    "1": 0.8275863498110131,
    "2": 0.9437797884837661
  },
  "gen2_018_\u9867\u5ba2\u6e80\u8db3\u5ea6\u8abf\u67fb\u5831\u544a": {
    "2": 0.8284328931869078,
    "1": 0.8916153016682339
  },
  "gen2_050_Disaster_Plan": {
    "2": 0.9041,
    "1": 0.8975
  },
  "gen2_060_Employee_Agreement": {
    "1": 0.8283,
    "2": 0.9832
  },
  "gen2_032_\u7d4c\u8cbb\u7cbe\u7b97\u30de\u30cb\u30e5\u30a2\u30eb": {
    "2": 0.8373614431510158,
    "1": 0.8599243248218401
  },
  "test_line_heights": {
    "4": 0.8378,
    "5": 0.874,
    "3": 0.889,
    "2": 0.9391,
    "1": 0.9374625194606695,
    "6": 0.9828
  },
  "gen2_067_SLA_Template": {
    "1": 0.8289,
    "2": 0.9828
  },
  "gen2_036_\u65b0\u5165\u793e\u54e1\u30ac\u30a4\u30c9": {
    "1": 0.8462315800143131,
    "2": 0.9426592642012235
  },
  "gen2_019_\u793e\u5185\u898f\u7a0b\u96c6": {
    "1": 0.847997001143482,
    "2": 0.8937253700832507
  },
  "gen_long": {
    "1": 0.8602,
    "2": 0.9405
  },
  "gen2_013_\u30b3\u30f3\u30d7\u30e9\u30a4\u30a2\u30f3\u30b9\u7814\u4fee\u8cc7\u6599": {
    "1": 0.8520722365946846,
    "2": 0.9131219370602315
  },
  "gen2_055_Risk_Management_Report": {
    "1": 0.8347,
    "2": 0.9918
  },
  "cb8be715d839_kyodokenkyuyoushiki03": {
    "1": 0.8667,
    "2": 0.9832
  },
  "gen2_026_\u526f\u696d_\u517c\u696d\u898f\u7a0b": {
    "1": 0.8561850246485188,
    "2": 0.9282863137986058
  },
  "gen2_012_\u500b\u4eba\u60c5\u5831\u4fdd\u8b77\u65b9\u91dd": {
    "1": 0.8589505181572791,
    "2": 0.960542716275932
  },
  "gen2_027_\u61f2\u6212\u898f\u7a0b": {
    "1": 0.8603498658845941
  },
  "gen2_031_\u6587\u66f8\u7ba1\u7406\u898f\u7a0b": {
    "1": 0.8610135484237325
  },
  "gen2_041_Annual_Report": {
    "1": 0.8382,
    "2": 0.8767
  },
  "gen2_020_\u5c31\u696d\u898f\u5247": {
    "1": 0.8613830627463774,
    "2": 0.9077121041138656
  },
  "gen2_025_\u30cf\u30e9\u30b9\u30e1\u30f3\u30c8\u9632\u6b62\u898f\u7a0b": {
    "1": 0.8634537083464551,
    "2": 0.9776060310057934
  },
  "gen2_014_\u5185\u90e8\u76e3\u67fb\u5831\u544a\u66f8": {
    "1": 0.864268765883368,
    "2": 0.9313574871413364
  },
  "gen2_035_\u96fb\u8a71\u5bfe\u5fdc\u30de\u30cb\u30e5\u30a2\u30eb": {
    "1": 0.8643808483644495,
    "2": 0.9624599402165149
  },
  "e8caed453f48_kyodokenkyuyoushiki07": {
    "1": 0.8739
  },
  "gen2_016_\u65b0\u5546\u54c1\u4f01\u753b\u66f8": {
    "1": 0.8677641072372005,
    "2": 0.9818970934802812
  },
  "gen2_023_\u80b2\u5150\u4f11\u696d\u898f\u7a0b": {
    "1": 0.8677752634109989,
    "2": 0.9580300689766555
  },
  "191cb5254cb2_tokumei_08_10": {
    "1": 0.8619
  },
  "gen2_003_\u4e88\u7b97\u7533\u8acb\u66f8": {
    "1": 0.8700535239708994,
    "2": 0.933086490490568
  },
  "gen2_002_\u4e8b\u696d\u8a08\u753b\u66f8": {
    "1": 0.8715355291406355
  },
  "gen2_058_Customer_Survey_Results": {
    "1": 0.8467,
    "2": 0.9397
  },
  "gen2_054_Audit_Report": {
    "2": 0.8593,
    "1": 0.825
  },
  "gen2_039_\u54c1\u8cea\u57fa\u6e96\u66f8": {
    "1": 0.8745076193152087
  },
  "7f272a2dfd3b_index-21": {
    "1": 0.8883
  },
  "gen2_033_\u53d7\u6ce8\u7ba1\u7406\u30de\u30cb\u30e5\u30a2\u30eb": {
    "1": 0.8763590832978956
  },
  "gen2_030_\u8eca\u4e21\u7ba1\u7406\u898f\u7a0b": {
    "1": 0.8769151209454513
  },
  "gen2_068_SOW_Template": {
    "1": 0.8497,
    "2": 0.9815
  },
  "gen2_010_\u9632\u707d\u8a08\u753b\u66f8": {
    "1": 0.8780882182634793,
    "2": 0.8859978684211341
  },
  "gen2_006_\u51fa\u5f35\u5831\u544a\u66f8": {
    "1": 0.8789077591713284
  },
  "gen2_074_Test_Plan": {
    "1": 0.8676,
    "2": 0.9785
  },
  "gen2_021_\u7d66\u4e0e\u898f\u7a0b": {
    "2": 0.8830924094480821,
    "1": 0.91302383102469
  },
  "gen2_005_\u7814\u4fee\u5831\u544a\u66f8": {
    "1": 0.8833191195106617,
    "2": 0.9076913732165713
  },
  "d57289db0a6a_kyodokenkyuyoushiki11": {
    "1": 0.891
  },
  "6295e189a801_order_09": {
    "1": 0.8861
  },
  "gen2_004_\u4eba\u4e8b\u8a55\u4fa1\u30b7\u30fc\u30c8": {
    "1": 0.8848344259240744,